Iteration,timestamp,event,time_s,cpu_before,cpu_after,mem_before,mem_after,ciphertext_bytes
0,1764450307.1051145,server_rsa_keygen,0.009587110,0.00,103.70,42401792,42487808,
0,1764450318.4572697,server_rsa_keygen,0.050542977,0.00,98.70,42414080,42500096,
0,1764450334.7058842,server_rsa_keygen,0.021386956,0.00,92.90,42348544,42434560,
0,1764450437.1539078,server_rsa_keygen,0.032738424,0.00,91.40,42397696,42483712,
1,1764450489.7879002,rsa_handshake,0.000502578|0.000034915,0.00,0.00,44269568,44322816,512
2,1764450489.8485327,rsa_handshake,0.000574821|0.000120032,0.00,0.00,44331008,44331008,512
3,1764450489.9050746,rsa_handshake,0.000424474|0.000053248,0.00,0.00,44331008,44331008,512
4,1764450489.917587,rsa_handshake,0.000229573|0.000049050,0.00,0.00,44331008,44331008,512
5,1764450489.9315665,rsa_handshake,0.000313680|0.000086861,0.00,0.00,44331008,44331008,512
6,1764450489.9822311,rsa_handshake,0.000252556|0.000067354,0.00,0.00,44335104,44335104,512
7,1764450490.0095015,rsa_handshake,0.000528195|0.000120373,0.00,0.00,44335104,44335104,512
8,1764450490.0338264,rsa_handshake,0.000277613|0.000068035,0.00,0.00,44335104,44335104,512
9,1764450490.0850477,rsa_handshake,0.000480668|0.000058829,0.00,0.00,44335104,44335104,512
10,1764450490.1033282,rsa_handshake,0.000261473|0.000065130,0.00,0.00,44335104,44335104,512
11,1764450490.1354065,rsa_handshake,0.000416359|0.000057015,0.00,0.00,44339200,44339200,512
12,1764450490.162875,rsa_handshake,0.000481840|0.000103070,0.00,0.00,44339200,44339200,512
13,1764450490.207682,rsa_handshake,0.000295115|0.000052617,0.00,0.00,44339200,44339200,512
14,1764450490.268948,rsa_handshake,0.000252225|0.000059039,0.00,0.00,44339200,44339200,512
15,1764450490.2828417,rsa_handshake,0.000225977|0.000047829,0.00,0.00,44339200,44339200,512
16,1764450490.3143272,rsa_handshake,0.000278895|0.000069619,0.00,0.00,44343296,44343296,512
17,1764450490.3402593,rsa_handshake,0.000267474|0.000069709,0.00,0.00,44343296,44343296,512
18,1764450490.4110272,rsa_handshake,0.000553773|0.000114221,0.00,0.00,44343296,44343296,512
19,1764450490.4511192,rsa_handshake,0.000253248|0.000071683,0.00,2507.90,44343296,44343296,512
20,1764450490.474096,rsa_handshake,0.000236346|0.000050934,0.00,0.00,44343296,44343296,512
21,1764450490.5430796,rsa_handshake,0.000432699|0.000090447,0.00,0.00,44343296,44343296,512
22,1764450490.5955896,rsa_handshake,0.000489363|0.000119220,0.00,0.00,44343296,44343296,512
23,1764450490.6102705,rsa_handshake,0.000431347|0.000096839,0.00,0.00,44343296,44343296,512
24,1764450490.6607878,rsa_handshake,0.000427099|0.000085047,0.00,0.00,44343296,44343296,512
25,1764450490.7101333,rsa_handshake,0.000511254|0.000110014,0.00,0.00,44343296,44343296,512
26,1764450490.7251334,rsa_handshake,0.000429163|0.000084677,0.00,0.00,44347392,44347392,512
27,1764450490.750848,rsa_handshake,0.000433550|0.000085958,0.00,0.00,44347392,44347392,512
28,1764450490.7884276,rsa_handshake,0.000241415|0.000051595,0.00,0.00,44351488,44351488,512
29,1764450490.8174765,rsa_handshake,0.000283433|0.000052387,0.00,0.00,44351488,44351488,512
30,1764450490.835538,rsa_handshake,0.000232580|0.000050523,0.00,0.00,44351488,44351488,512
31,1764450490.8579197,rsa_handshake,0.000231658|0.000051385,0.00,0.00,44351488,44351488,512
32,1764450490.9132054,rsa_handshake,0.000320461|0.000054480,0.00,0.00,44351488,44351488,512
33,1764450490.933963,rsa_handshake,0.000539345|0.000036076,0.00,0.00,44351488,44355584,512
34,1764450490.9859636,rsa_handshake,0.000547070|0.000105034,0.00,0.00,44355584,44355584,512
35,1764450491.0188105,rsa_handshake,0.000254279|0.000064539,0.00,0.00,44355584,44355584,512
36,1764450491.036342,rsa_handshake,0.000435484|0.000084396,0.00,0.00,44359680,44359680,512
37,1764450491.0767734,rsa_handshake,0.000424133|0.000083814,0.00,0.00,44359680,44359680,512
38,1764450491.09785,rsa_handshake,0.000375103|0.000085879,0.00,0.00,44359680,44359680,512
39,1764450491.1407523,rsa_handshake,0.000438419|0.000085247,0.00,0.00,44359680,44359680,512
40,1764450491.1756315,rsa_handshake,0.000437829|0.000085388,0.00,0.00,44359680,44359680,512
41,1764450491.229442,rsa_handshake,0.000440053|0.000086550,0.00,0.00,44359680,44359680,512
42,1764450491.246867,rsa_handshake,0.000280819|0.000051455,0.00,0.00,44359680,44359680,512
43,1764450491.260568,rsa_handshake,0.000438800|0.000084767,0.00,0.00,44359680,44359680,512
44,1764450491.300518,rsa_handshake,0.000581363|0.000062766,0.00,0.00,44359680,44359680,512
45,1764450491.3150103,rsa_handshake,0.000395981|0.000066333,0.00,0.00,44359680,44359680,512
46,1764450491.354765,rsa_handshake,0.000335049|0.000080859,0.00,0.00,44363776,44363776,512
47,1764450491.375488,rsa_handshake,0.000279296|0.000061474,0.00,0.00,44363776,44363776,512
48,1764450491.40028,rsa_handshake,0.000416028|0.000050904,0.00,0.00,44363776,44363776,512
49,1764450491.4103746,rsa_handshake,0.000456452|0.000086069,0.00,0.00,44363776,44363776,512
50,1764450491.4550943,rsa_handshake,0.000555125|0.000106907,0.00,0.00,44363776,44363776,512
51,1764450491.4975977,rsa_handshake,0.000243570|0.000053469,0.00,0.00,44363776,44363776,512
52,1764450491.526354,rsa_handshake,0.000299964|0.000056374,0.00,0.00,44363776,44363776,512
53,1764450491.5647137,rsa_handshake,0.000231828|0.000076331,0.00,0.00,44363776,44363776,512
54,1764450491.5808673,rsa_handshake,0.000518938|0.000102680,0.00,0.00,44363776,44363776,512
55,1764450491.6286032,rsa_handshake,0.000261453|0.000060842,0.00,0.00,44363776,44363776,512
56,1764450491.6732893,rsa_handshake,0.000431867|0.000094494,0.00,0.00,44367872,44367872,512
57,1764450491.7223728,rsa_handshake,0.000431106|0.000114952,0.00,0.00,44367872,44367872,512
58,1764450491.7662575,rsa_handshake,0.000398896|0.000060802,0.00,0.00,44367872,44367872,512
59,1764450491.81064,rsa_handshake,0.000362439|0.000057847,0.00,0.00,44367872,44367872,512
60,1764450491.8395355,rsa_handshake,0.000343614|0.000081139,0.00,0.00,44367872,44367872,512
61,1764450491.885961,rsa_handshake,0.000452566|0.000085247,0.00,0.00,44367872,44367872,512
62,1764450491.9271097,rsa_handshake,0.000286169|0.000056534,0.00,0.00,44367872,44367872,512
63,1764450491.9784381,rsa_handshake,0.000489604|0.000099814,0.00,0.00,44367872,44367872,512
64,1764450492.0064113,rsa_handshake,0.000260441|0.000060722,0.00,0.00,44367872,44367872,512
65,1764450492.047445,rsa_handshake,0.000558631|0.000056174,0.00,0.00,44367872,44367872,512
66,1764450492.084339,rsa_handshake,0.000272653|0.000048410,0.00,0.00,44371968,44371968,512
67,1764450492.124997,rsa_handshake,0.000540117|0.000073245,0.00,1401.40,44371968,44371968,512
68,1764450492.154112,rsa_handshake,0.000298762|0.000067314,0.00,0.00,44371968,44371968,512
69,1764450492.19551,rsa_handshake,0.000543043|0.000113229,0.00,0.00,44371968,44371968,512
70,1764450492.2151124,rsa_handshake,0.000326663|0.000072825,0.00,0.00,44371968,44371968,512
71,1764450492.2470605,rsa_handshake,0.000300524|0.000076661,0.00,0.00,44371968,44371968,512
72,1764450492.2988145,rsa_handshake,0.000232970|0.000049381,0.00,0.00,44371968,44371968,512
73,1764450492.3424737,rsa_handshake,0.000279045|0.000073576,0.00,0.00,44371968,44371968,512
74,1764450492.3529155,rsa_handshake,0.000471020|0.000089135,0.00,0.00,44371968,44371968,512
75,1764450492.3761373,rsa_handshake,0.000234914|0.000053850,0.00,0.00,44371968,44371968,512
76,1764450492.40732,rsa_handshake,0.000263787|0.000060361,0.00,0.00,44376064,44376064,512
77,1764450492.4708314,rsa_handshake,0.000518006|0.000110624,0.00,0.00,44376064,44376064,512
78,1764450492.5088038,rsa_handshake,0.000288773|0.000066693,0.00,0.00,44376064,44376064,512
79,1764450492.528995,rsa_handshake,0.000480918|0.000116034,0.00,0.00,44376064,44376064,512
80,1764450492.5474305,rsa_handshake,0.000252897|0.000053058,0.00,0.00,44376064,44376064,512
81,1764450492.6002307,rsa_handshake,0.000273685|0.000060812,0.00,0.00,44376064,44376064,512
82,1764450492.622597,rsa_handshake,0.000264539|0.000079277,0.00,0.00,44376064,44376064,512
83,1764450492.6433618,rsa_handshake,0.000439492|0.000075429,0.00,0.00,44376064,44376064,512
84,1764450492.6890476,rsa_handshake,0.000340919|0.000048290,0.00,0.00,44376064,44376064,512
85,1764450492.7167258,rsa_handshake,0.000342753|0.000058638,0.00,0.00,44376064,44376064,512
86,1764450492.7346804,rsa_handshake,0.000324789|0.000065000,0.00,0.00,44380160,44380160,512
87,1764450492.8022015,rsa_handshake,0.000253347|0.000059840,0.00,0.00,44380160,44380160,512
88,1764450492.8643732,rsa_handshake,0.000359854|0.000054932,0.00,1955.70,44380160,44380160,512
89,1764450492.9171982,rsa_handshake,0.000233130|0.000053578,0.00,0.00,44380160,44380160,512
90,1764450492.9322064,rsa_handshake,0.000234543|0.000070340,0.00,0.00,44380160,44380160,512
91,1764450492.974828,rsa_handshake,0.000240354|0.000052988,0.00,0.00,44380160,44380160,512
92,1764450493.0137951,rsa_handshake,0.000235716|0.000052006,0.00,0.00,44380160,44380160,512
93,1764450493.1094902,rsa_handshake,0.000276039|0.000072374,0.00,0.00,44380160,44380160,512
94,1764450493.1330328,rsa_handshake,0.000339947|0.000051254,0.00,0.00,44380160,44380160,512
95,1764450493.1529636,rsa_handshake,0.000229785|0.000050023,0.00,0.00,44380160,44380160,512
96,1764450493.1828117,rsa_handshake,0.000429583|0.000086179,0.00,0.00,44384256,44384256,512
97,1764450493.206628,rsa_handshake,0.000470288|0.000037700,0.00,0.00,44384256,44384256,512
98,1764450493.2662723,rsa_handshake,0.000307829|0.000048700,0.00,0.00,44384256,44384256,512
99,1764450493.2969258,rsa_handshake,0.000252787|0.000056875,0.00,0.00,44384256,44384256,512
100,1764450493.3791752,rsa_handshake,0.000420437|0.000078766,0.00,1652.70,44384256,44384256,512
101,1764450493.4344225,rsa_handshake,0.000237939|0.000062416,0.00,0.00,44384256,44384256,512
102,1764450493.5013092,rsa_handshake,0.000427750|0.000100175,0.00,0.00,44384256,44384256,512
103,1764450493.5414474,rsa_handshake,0.000573018|0.000117146,0.00,0.00,44384256,44384256,512
104,1764450493.5842445,rsa_handshake,0.000253879|0.000082953,0.00,2545.80,44384256,44384256,512
105,1764450493.6075246,rsa_handshake,0.000438600|0.000085137,0.00,0.00,44384256,44384256,512
106,1764450493.6209087,rsa_handshake,0.000423071|0.000083795,0.00,0.00,44388352,44388352,512
107,1764450493.6424952,rsa_handshake,0.000450181|0.000089455,0.00,0.00,44388352,44388352,512
108,1764450493.6726198,rsa_handshake,0.000448608|0.000086480,0.00,0.00,44388352,44388352,512
109,1764450493.692307,rsa_handshake,0.000288903|0.000049121,0.00,0.00,44388352,44388352,512
110,1764450493.7162087,rsa_handshake,0.000370264|0.000055813,0.00,0.00,44388352,44388352,512
111,1764450493.7524152,rsa_handshake,0.000244371|0.000052306,0.00,0.00,44388352,44388352,512
112,1764450493.8277762,rsa_handshake,0.000543614|0.000047177,0.00,0.00,44388352,44388352,512
113,1764450493.864917,rsa_handshake,0.000426287|0.000084345,0.00,0.00,44388352,44388352,512
114,1764450493.87549,rsa_handshake,0.000444070|0.000087482,0.00,0.00,44388352,44388352,512
115,1764450493.9163604,rsa_handshake,0.000443179|0.000084386,0.00,0.00,44388352,44388352,512
116,1764450493.9476209,rsa_handshake,0.000440363|0.000088855,0.00,1631.70,44392448,44392448,512
117,1764450493.9837334,rsa_handshake,0.000438510|0.000085288,0.00,0.00,44392448,44392448,512
118,1764450494.0291345,rsa_handshake,0.000468856|0.000086640,0.00,0.00,44392448,44392448,512
119,1764450494.0578876,rsa_handshake,0.000471141|0.000127736,0.00,0.00,44396544,44396544,512
120,1764450494.0882406,rsa_handshake,0.000485637|0.000076341,0.00,0.00,44396544,44396544,512
121,1764450494.1159499,rsa_handshake,0.000237288|0.000048810,0.00,0.00,44396544,44396544,512
122,1764450494.192787,rsa_handshake,0.000320011|0.000065842,0.00,0.00,44396544,44396544,512
123,1764450494.2607872,rsa_handshake,0.000428541|0.000087462,0.00,0.00,44396544,44396544,512
124,1764450494.2773986,rsa_handshake,0.000433471|0.000089696,0.00,0.00,44396544,44396544,512
125,1764450494.289782,rsa_handshake,0.000242688|0.000053058,0.00,0.00,44396544,44396544,512
126,1764450494.3531415,rsa_handshake,0.000526241|0.000103190,0.00,0.00,44396544,44396544,512
127,1764450494.4125676,rsa_handshake,0.000254720|0.000059761,0.00,0.00,44396544,44396544,512
128,1764450494.4582627,rsa_handshake,0.000426617|0.000095095,0.00,1668.30,44400640,44400640,512
129,1764450494.5172017,rsa_handshake,0.000489655|0.000038241,0.00,0.00,44400640,44400640,512
130,1764450494.5568266,rsa_handshake,0.000444931|0.000094855,0.00,0.00,44400640,44400640,512
131,1764450494.583918,rsa_handshake,0.000437878|0.000114661,0.00,0.00,44400640,44400640,512
132,1764450494.688111,rsa_handshake,0.000528115|0.000101428,0.00,0.00,44400640,44400640,512
133,1764450494.732004,rsa_handshake,0.000464036|0.000101858,0.00,0.00,44400640,44400640,512
134,1764450494.7531302,rsa_handshake,0.000422570|0.000056334,0.00,0.00,44400640,44400640,512
135,1764450494.768545,rsa_handshake,0.000442748|0.000077443,0.00,0.00,44400640,44400640,512
136,1764450494.786346,rsa_handshake,0.000436746|0.000085507,0.00,0.00,44400640,44400640,512
137,1764450494.8142738,rsa_handshake,0.000348172|0.000056234,0.00,0.00,44400640,44400640,512
138,1764450494.8340683,rsa_handshake,0.000427178|0.000084065,0.00,0.00,44400640,44400640,512
139,1764450494.8657095,rsa_handshake,0.000542792|0.000104914,0.00,1341.80,44400640,44400640,512
140,1764450494.90266,rsa_handshake,0.000438710|0.000085739,0.00,0.00,44404736,44404736,512
141,1764450494.923181,rsa_handshake,0.000444360|0.000100115,0.00,0.00,44404736,44404736,512
142,1764450494.9686928,rsa_handshake,0.000432789|0.000083494,0.00,0.00,44404736,44404736,512
143,1764450495.0135667,rsa_handshake,0.000255332|0.000049893,0.00,0.00,44404736,44404736,512
144,1764450495.0618665,rsa_handshake,0.000231147|0.000050123,0.00,0.00,44404736,44404736,512
145,1764450495.0900931,rsa_handshake,0.000551428|0.000111456,0.00,0.00,44404736,44404736,512
146,1764450495.164512,rsa_handshake,0.000439842|0.000087512,0.00,1641.20,44404736,44404736,512
147,1764450495.2142432,rsa_handshake,0.000256523|0.000066613,0.00,0.00,44404736,44404736,512
148,1764450495.3009727,rsa_handshake,0.000255732|0.000057136,0.00,0.00,44404736,44404736,512
149,1764450495.3418756,rsa_handshake,0.000226889|0.000047689,0.00,0.00,44404736,44404736,512
150,1764450495.3674302,rsa_handshake,0.000397744|0.000052236,0.00,0.00,44404736,44404736,512
151,1764450495.385004,rsa_handshake,0.000423111|0.000086309,0.00,1689.40,44408832,44408832,512
152,1764450495.4323251,rsa_handshake,0.000384981|0.000060191,0.00,0.00,44408832,44408832,512
153,1764450495.5842383,rsa_handshake,0.000429633|0.000110143,0.00,0.00,44408832,44408832,512
154,1764450495.6457827,rsa_handshake,0.000489634|0.000094785,0.00,0.00,44408832,44408832,512
155,1764450495.659717,rsa_handshake,0.000294814|0.000069348,0.00,0.00,44408832,44408832,512
156,1764450495.6847885,rsa_handshake,0.000441596|0.000105906,0.00,1577.60,44408832,44408832,512
157,1764450495.7087672,rsa_handshake,0.000266833|0.000064700,0.00,0.00,44408832,44408832,512
158,1764450495.755274,rsa_handshake,0.000293792|0.000079216,0.00,0.00,44408832,44408832,512
159,1764450495.7885506,rsa_handshake,0.000454199|0.000051996,0.00,0.00,44408832,44408832,512
160,1764450495.8325489,rsa_handshake,0.000432829|0.000084466,0.00,0.00,44408832,44408832,512
161,1764450495.8523796,rsa_handshake,0.000748652|0.000039683,0.00,0.00,44408832,44408832,512
162,1764450495.8812816,rsa_handshake,0.000240715|0.000078886,0.00,0.00,44412928,44412928,512
163,1764450495.8958695,rsa_handshake,0.000230346|0.000050744,0.00,0.00,44412928,44412928,512
164,1764450495.9267118,rsa_handshake,0.000300696|0.000049542,0.00,0.00,44412928,44412928,512
165,1764450495.9748127,rsa_handshake,0.000234593|0.000053849,0.00,0.00,44412928,44412928,512
166,1764450496.0090153,rsa_handshake,0.000450302|0.000100997,0.00,0.00,44412928,44412928,512
167,1764450496.0285819,rsa_handshake,0.000256203|0.000059369,0.00,0.00,44412928,44412928,512
168,1764450496.0874915,rsa_handshake,0.000481599|0.000077103,0.00,0.00,44412928,44412928,512
169,1764450496.1198165,rsa_handshake,0.000381925|0.000057236,0.00,0.00,44412928,44412928,512
170,1764450496.1308947,rsa_handshake,0.000241196|0.000054801,0.00,0.00,44412928,44412928,512
171,1764450496.1497426,rsa_handshake,0.000472302|0.000104243,0.00,0.00,44412928,44412928,512
172,1764450496.1655214,rsa_handshake,0.000242377|0.000059980,0.00,0.00,44412928,44412928,512
173,1764450496.2429647,rsa_handshake,0.000429402|0.000084937,0.00,0.00,44417024,44417024,512
174,1764450496.2612941,rsa_handshake,0.000423222|0.000090567,0.00,0.00,44417024,44417024,512
175,1764450496.2923326,rsa_handshake,0.000431957|0.000095236,0.00,0.00,44417024,44417024,512
176,1764450496.3175585,rsa_handshake,0.000464617|0.000095556,0.00,0.00,44417024,44417024,512
177,1764450496.369225,rsa_handshake,0.000428231|0.000084346,0.00,0.00,44417024,44417024,512
178,1764450496.4128716,rsa_handshake,0.000226498|0.000047688,0.00,0.00,44417024,44417024,512
179,1764450496.4402719,rsa_handshake,0.000367338|0.000052217,0.00,0.00,44417024,44417024,512
180,1764450496.46691,rsa_handshake,0.000298281|0.000067114,0.00,0.00,44417024,44417024,512
181,1764450496.5242462,rsa_handshake,0.000463396|0.000050243,0.00,0.00,44417024,44417024,512
182,1764450496.5422826,rsa_handshake,0.000338515|0.000046546,0.00,0.00,44417024,44417024,512
183,1764450496.568301,rsa_handshake,0.000454469|0.000110584,0.00,0.00,44417024,44417024,512
184,1764450496.5853145,rsa_handshake,0.000427890|0.000092120,0.00,0.00,44421120,44421120,512
185,1764450496.6189663,rsa_handshake,0.000430756|0.000086310,0.00,1653.50,44421120,44421120,512
186,1764450496.6603217,rsa_handshake,0.000429013|0.000091790,0.00,0.00,44421120,44421120,512
187,1764450496.697296,rsa_handshake,0.000529508|0.000106346,0.00,0.00,44421120,44421120,512
188,1764450496.7428608,rsa_handshake,0.000228391|0.000059439,0.00,0.00,44421120,44421120,512
189,1764450496.7804406,rsa_handshake,0.000449750|0.000089255,0.00,0.00,44421120,44421120,512
190,1764450496.8119721,rsa_handshake,0.000459909|0.000099734,0.00,0.00,44421120,44421120,512
191,1764450496.8782973,rsa_handshake,0.000470088|0.000075109,0.00,0.00,44421120,44421120,512
192,1764450496.8925958,rsa_handshake,0.000226618|0.000046727,0.00,0.00,44421120,44421120,512
193,1764450496.9373932,rsa_handshake,0.000533725|0.000038161,0.00,0.00,44421120,44421120,512
194,1764450496.9629395,rsa_handshake,0.000271250|0.000069017,0.00,0.00,44421120,44421120,512
195,1764450497.0186925,rsa_handshake,0.000460600|0.000049322,0.00,0.00,44425216,44425216,512
196,1764450497.0506911,rsa_handshake,0.000559764|0.000107107,0.00,0.00,44425216,44425216,512
197,1764450497.0813293,rsa_handshake,0.000247677|0.000082322,0.00,0.00,44425216,44425216,512
198,1764450497.1086679,rsa_handshake,0.000363651|0.000049130,0.00,0.00,44425216,44425216,512
199,1764450497.190437,rsa_handshake,0.000288051|0.000105034,0.00,0.00,44425216,44425216,512
200,1764450497.2178528,rsa_handshake,0.000444150|0.000066673,0.00,0.00,44425216,44425216,512
201,1764450497.2429898,rsa_handshake,0.000233360|0.000049762,0.00,0.00,44425216,44425216,512
202,1764450497.268008,rsa_handshake,0.000457866|0.000093343,0.00,0.00,44425216,44425216,512
203,1764450497.2898026,rsa_handshake,0.000237889|0.000051926,0.00,0.00,44425216,44425216,512
204,1764450497.3144684,rsa_handshake,0.000448207|0.000089155,0.00,0.00,44425216,44425216,512
205,1764450497.3940117,rsa_handshake,0.000575252|0.000112298,0.00,0.00,44425216,44425216,512
206,1764450497.4324846,rsa_handshake,0.000433701|0.000082823,0.00,0.00,44429312,44429312,512
207,1764450497.4649942,rsa_handshake,0.000425505|0.000049751,0.00,0.00,44429312,44429312,512
208,1764450497.47654,rsa_handshake,0.000459779|0.000106867,0.00,0.00,44429312,44429312,512
209,1764450497.5465333,rsa_handshake,0.000577606|0.000113770,0.00,0.00,44429312,44429312,512
210,1764450497.565589,rsa_handshake,0.000443279|0.000094245,0.00,0.00,44429312,44429312,512
211,1764450497.6133378,rsa_handshake,0.000409897|0.000055703,0.00,0.00,44429312,44429312,512
212,1764450497.6283307,rsa_handshake,0.000295105|0.000061995,0.00,0.00,44429312,44429312,512
213,1764450497.6525102,rsa_handshake,0.000261292|0.000050534,0.00,0.00,44429312,44429312,512
214,1764450497.6812477,rsa_handshake,0.000237749|0.000071202,0.00,0.00,44429312,44429312,512
215,1764450497.7111654,rsa_handshake,0.000336631|0.000048370,0.00,0.00,44429312,44429312,512
216,1764450497.7598574,rsa_handshake,0.000227350|0.000046706,0.00,0.00,44429312,44429312,512
217,1764450497.8192334,rsa_handshake,0.000254189|0.000063557,0.00,0.00,44433408,44433408,512
218,1764450497.889807,rsa_handshake,0.000452715|0.000087341,0.00,0.00,44433408,44433408,512
219,1764450497.9193661,rsa_handshake,0.000419855|0.000059730,0.00,0.00,44433408,44433408,512
220,1764450497.9680378,rsa_handshake,0.000229173|0.000057316,0.00,0.00,44433408,44433408,512
221,1764450497.9847429,rsa_handshake,0.000286930|0.000074638,0.00,0.00,44433408,44433408,512
222,1764450498.005024,rsa_handshake,0.000430796|0.000067635,0.00,0.00,44433408,44433408,512
223,1764450498.034922,rsa_handshake,0.000435965|0.000078425,0.00,0.00,44433408,44433408,512
224,1764450498.0811207,rsa_handshake,0.000242357|0.000081190,0.00,2670.10,44433408,44433408,512
225,1764450498.1589053,rsa_handshake,0.000725199|0.000037890,0.00,0.00,44433408,44433408,512
226,1764450498.1848946,rsa_handshake,0.000471240|0.000099424,0.00,0.00,44433408,44433408,512
227,1764450498.206821,rsa_handshake,0.000465690|0.000090528,0.00,0.00,44433408,44433408,512
228,1764450498.2321,rsa_handshake,0.000375243|0.000088854,0.00,0.00,44433408,44433408,512
229,1764450498.2925663,rsa_handshake,0.000447456|0.000085418,0.00,1623.80,44437504,44437504,512
230,1764450498.315515,rsa_handshake,0.000442627|0.000084656,0.00,0.00,44437504,44437504,512
231,1764450498.3547404,rsa_handshake,0.000258537|0.000072744,0.00,0.00,44437504,44437504,512
232,1764450498.3945997,rsa_handshake,0.000447907|0.000087000,0.00,0.00,44437504,44437504,512
233,1764450498.4047444,rsa_handshake,0.000288042|0.000060181,0.00,0.00,44437504,44437504,512
234,1764450498.4525802,rsa_handshake,0.000443389|0.000051004,0.00,0.00,44437504,44437504,512
235,1764450498.4961748,rsa_handshake,0.000269567|0.000066463,0.00,0.00,44437504,44437504,512
236,1764450498.5238159,rsa_handshake,0.000406090|0.000086489,0.00,0.00,44437504,44437504,512
237,1764450498.5896294,rsa_handshake,0.000245964|0.000052778,0.00,0.00,44437504,44437504,512
238,1764450498.6073017,rsa_handshake,0.000264097|0.000060291,0.00,0.00,44437504,44437504,512
239,1764450498.632704,rsa_handshake,0.000237218|0.000080408,0.00,0.00,44437504,44437504,512
240,1764450498.648738,rsa_handshake,0.000255632|0.000052497,0.00,2733.50,44441600,44441600,512
241,1764450498.6907597,rsa_handshake,0.000258807|0.000068717,0.00,0.00,44441600,44441600,512
242,1764450498.7072556,rsa_handshake,0.000247107|0.000062876,0.00,0.00,44441600,44441600,512
243,1764450498.7218814,rsa_handshake,0.000502037|0.000092100,0.00,0.00,44441600,44441600,512
244,1764450498.7937012,rsa_handshake,0.000292029|0.000061273,0.00,0.00,44441600,44441600,512
245,1764450498.830293,rsa_handshake,0.000245393|0.000053128,0.00,0.00,44441600,44441600,512
246,1764450498.8483052,rsa_handshake,0.000303751|0.000066573,0.00,0.00,44441600,44441600,512
247,1764450498.858326,rsa_handshake,0.000341110|0.000073496,0.00,0.00,44441600,44441600,512
248,1764450498.8728988,rsa_handshake,0.000243991|0.000060241,0.00,0.00,44441600,44441600,512
249,1764450498.9362092,rsa_handshake,0.000581294|0.000135119,0.00,0.00,44441600,44441600,512
250,1764450499.0142648,rsa_handshake,0.000472953|0.000075699,0.00,0.00,44441600,44441600,512
251,1764450499.049931,rsa_handshake,0.000322766|0.000074938,0.00,0.00,44445696,44445696,512
252,1764450499.0743163,rsa_handshake,0.000455381|0.000067554,0.00,0.00,44445696,44445696,512
253,1764450499.115229,rsa_handshake,0.000254028|0.000071021,0.00,0.00,44445696,44445696,512
254,1764450499.1491733,rsa_handshake,0.000257405|0.000055863,0.00,0.00,44445696,44445696,512
255,1764450499.2329662,rsa_handshake,0.000256604|0.000059019,0.00,0.00,44445696,44445696,512
256,1764450499.2977679,rsa_handshake,0.000280968|0.000063237,0.00,0.00,44445696,44445696,512
257,1764450499.377316,rsa_handshake,0.000464839|0.000041687,0.00,0.00,44445696,44445696,512
258,1764450499.4282217,rsa_handshake,0.000551348|0.000110995,0.00,0.00,44445696,44445696,512
259,1764450499.5144918,rsa_handshake,0.000290967|0.000057466,0.00,0.00,44449792,44449792,512
260,1764450499.5863507,rsa_handshake,0.000434752|0.000085057,0.00,1669.00,44449792,44449792,512
261,1764450499.6177208,rsa_handshake,0.000437307|0.000083986,0.00,0.00,44449792,44449792,512
262,1764450499.687575,rsa_handshake,0.000300275|0.000049381,0.00,0.00,44453888,44453888,512
263,1764450499.721431,rsa_handshake,0.000322997|0.000056565,0.00,0.00,44453888,44453888,512
264,1764450499.7492657,rsa_handshake,0.000267353|0.000078374,0.00,0.00,44453888,44453888,512
265,1764450499.784294,rsa_handshake,0.000441265|0.000098892,0.00,0.00,44453888,44453888,512
266,1764450499.8111544,rsa_handshake,0.000348874|0.000048349,0.00,0.00,44453888,44453888,512
267,1764450499.8353736,rsa_handshake,0.000275800|0.000055362,0.00,0.00,44453888,44453888,512
268,1764450499.8538554,rsa_handshake,0.000557369|0.000114952,0.00,0.00,44453888,44453888,512
269,1764450499.9045691,rsa_handshake,0.000538645|0.000127025,0.00,0.00,44453888,44453888,512
270,1764450499.9305885,rsa_handshake,0.000470068|0.000099453,0.00,0.00,44453888,44453888,512
271,1764450499.9823155,rsa_handshake,0.000278634|0.000070300,0.00,0.00,44453888,44453888,512
272,1764450500.031845,rsa_handshake,0.000493191|0.000048099,0.00,0.00,44453888,44453888,512
273,1764450500.0821066,rsa_handshake,0.000531621|0.000104884,0.00,0.00,44457984,44457984,512
274,1764450500.0914636,rsa_handshake,0.000300175|0.000051485,0.00,0.00,44457984,44457984,512
275,1764450500.1385684,rsa_handshake,0.000484745|0.000101388,0.00,0.00,44457984,44457984,512
276,1764450500.1748564,rsa_handshake,0.000228853|0.000048319,0.00,0.00,44462080,44462080,512
277,1764450500.2299087,rsa_handshake,0.000437518|0.000047658,0.00,0.00,44462080,44462080,512
278,1764450500.2493517,rsa_handshake,0.000293462|0.000069027,0.00,0.00,44462080,44462080,512
279,1764450500.2765946,rsa_handshake,0.000556347|0.000103901,0.00,0.00,44462080,44462080,512
280,1764450500.345399,rsa_handshake,0.000280949|0.000067584,0.00,0.00,44462080,44462080,512
281,1764450500.4206269,rsa_handshake,0.000531501|0.000052227,0.00,0.00,44462080,44462080,512
282,1764450500.442535,rsa_handshake,0.000233301|0.000052046,0.00,0.00,44462080,44462080,512
283,1764450500.4629035,rsa_handshake,0.000228942|0.000049131,0.00,0.00,44462080,44462080,512
284,1764450500.4946136,rsa_handshake,0.000439341|0.000083895,0.00,0.00,44466176,44466176,512
285,1764450500.5868104,rsa_handshake,0.000446504|0.000086580,0.00,0.00,44466176,44466176,512
286,1764450500.6264205,rsa_handshake,0.000470489|0.000089164,0.00,0.00,44466176,44466176,512
287,1764450500.7029135,rsa_handshake,0.000244992|0.000060773,0.00,0.00,44466176,44466176,512
288,1764450500.7891617,rsa_handshake,0.000267513|0.000085638,0.00,0.00,44466176,44466176,512
289,1764450500.8124175,rsa_handshake,0.000525871|0.000041566,0.00,0.00,44466176,44466176,512
290,1764450500.8669283,rsa_handshake,0.000429804|0.000083945,0.00,1709.80,44466176,44466176,512
291,1764450500.9061449,rsa_handshake,0.000241646|0.000050854,0.00,0.00,44466176,44466176,512
292,1764450500.9413953,rsa_handshake,0.000465329|0.000060432,0.00,0.00,44466176,44466176,512
293,1764450500.972953,rsa_handshake,0.000288943|0.000073756,0.00,0.00,44470272,44470272,512
294,1764450500.9863415,rsa_handshake,0.000466732|0.000089816,0.00,0.00,44470272,44470272,512
295,1764450501.0123062,rsa_handshake,0.000392004|0.000058579,0.00,1844.00,44474368,44474368,512
296,1764450501.0845296,rsa_handshake,0.000332935|0.000046606,0.00,0.00,44474368,44474368,512
297,1764450501.130716,rsa_handshake,0.000460420|0.000101878,0.00,0.00,44474368,44474368,512
298,1764450501.1886644,rsa_handshake,0.000566075|0.000063448,0.00,0.00,44474368,44474368,512
299,1764450501.2518804,rsa_handshake,0.000545687|0.000102569,0.00,0.00,44474368,44474368,512
300,1764450501.3447278,rsa_handshake,0.000469336|0.000060542,0.00,0.00,44474368,44474368,512
301,1764450501.3766992,rsa_handshake,0.000463536|0.000088273,0.00,0.00,44474368,44474368,512
302,1764450501.39027,rsa_handshake,0.000361307|0.000050813,0.00,0.00,44474368,44474368,512
303,1764450501.4310057,rsa_handshake,0.000428521|0.000061955,0.00,0.00,44474368,44474368,512
304,1764450501.5112925,rsa_handshake,0.000526331|0.000129589,0.00,0.00,44474368,44474368,512
305,1764450501.562974,rsa_handshake,0.000592514|0.000117788,0.00,0.00,44474368,44474368,512
306,1764450501.58826,rsa_handshake,0.000231337|0.000059039,0.00,0.00,44474368,44474368,512
307,1764450501.630309,rsa_handshake,0.000284536|0.000106927,0.00,0.00,44478464,44478464,512
308,1764450501.6893206,rsa_handshake,0.000273445|0.000067254,0.00,0.00,44478464,44478464,512
309,1764450501.7186992,rsa_handshake,0.000445242|0.000087963,0.00,0.00,44478464,44478464,512
310,1764450501.7359257,rsa_handshake,0.000367459|0.000048289,0.00,0.00,44478464,44478464,512
311,1764450501.7933507,rsa_handshake,0.000437107|0.000086290,0.00,0.00,44478464,44478464,512
312,1764450501.8125486,rsa_handshake,0.000537172|0.000106496,0.00,0.00,44478464,44478464,512
313,1764450501.829051,rsa_handshake,0.000463877|0.000088103,0.00,0.00,44478464,44478464,512
314,1764450501.8566227,rsa_handshake,0.000440824|0.000085718,0.00,0.00,44478464,44478464,512
315,1764450501.891473,rsa_handshake,0.000298181|0.000054581,0.00,0.00,44478464,44478464,512
316,1764450501.9154577,rsa_handshake,0.000247908|0.000069398,0.00,0.00,44478464,44478464,512
317,1764450501.9867058,rsa_handshake,0.000560114|0.000115063,0.00,0.00,44482560,44482560,512
318,1764450502.0226202,rsa_handshake,0.000444400|0.000085287,0.00,0.00,44482560,44482560,512
319,1764450502.0648408,rsa_handshake,0.000241776|0.000053319,0.00,0.00,44482560,44482560,512
320,1764450502.0922058,rsa_handshake,0.000527815|0.000102109,0.00,0.00,44482560,44482560,512
321,1764450502.1159632,rsa_handshake,0.000449651|0.000035796,0.00,0.00,44482560,44482560,512
322,1764450502.1283994,rsa_handshake,0.000267765|0.000050423,0.00,0.00,44482560,44482560,512
323,1764450502.1511743,rsa_handshake,0.000280077|0.000048750,0.00,0.00,44482560,44482560,512
324,1764450502.1918724,rsa_handshake,0.000373179|0.000047668,0.00,0.00,44482560,44482560,512
325,1764450502.2181735,rsa_handshake,0.000539155|0.000087963,0.00,0.00,44482560,44482560,512
326,1764450502.2687166,rsa_handshake,0.000384350|0.000046435,0.00,0.00,44482560,44482560,512
327,1764450502.2956877,rsa_handshake,0.000259569|0.000054852,0.00,0.00,44486656,44486656,512
328,1764450502.3219197,rsa_handshake,0.000301537|0.000067956,0.00,2249.90,44486656,44486656,512
329,1764450502.343201,rsa_handshake,0.000342783|0.000053579,0.00,0.00,44486656,44486656,512
330,1764450502.3605714,rsa_handshake,0.000469406|0.000100235,0.00,0.00,44486656,44486656,512
331,1764450502.3846755,rsa_handshake,0.000268956|0.000063246,0.00,0.00,44486656,44486656,512
332,1764450502.4060261,rsa_handshake,0.000457234|0.000085848,0.00,0.00,44486656,44486656,512
333,1764450502.4702551,rsa_handshake,0.000567438|0.000118990,0.00,0.00,44486656,44486656,512
334,1764450502.5011885,rsa_handshake,0.000429683|0.000082812,0.00,1684.00,44486656,44486656,512
335,1764450502.5182142,rsa_handshake,0.000453567|0.000098753,0.00,0.00,44486656,44486656,512
336,1764450502.547277,rsa_handshake,0.000293071|0.000054671,0.00,0.00,44486656,44486656,512
337,1764450502.5663006,rsa_handshake,0.000397063|0.000067655,0.00,0.00,44490752,44490752,512
338,1764450502.595936,rsa_handshake,0.000470689|0.000099674,0.00,0.00,44490752,44490752,512
339,1764450502.67531,rsa_handshake,0.000492109|0.000086310,0.00,1517.50,44490752,44490752,512
340,1764450502.717002,rsa_handshake,0.000543974|0.000103642,0.00,0.00,44490752,44490752,512
341,1764450502.7556777,rsa_handshake,0.000438941|0.000121645,0.00,0.00,44490752,44490752,512
342,1764450502.7832742,rsa_handshake,0.000429082|0.000102870,0.00,0.00,44490752,44490752,512
343,1764450502.8145776,rsa_handshake,0.000478543|0.000100906,0.00,0.00,44490752,44490752,512
344,1764450502.8650692,rsa_handshake,0.000539726|0.000060351,0.00,0.00,44490752,44490752,512
345,1764450502.9193392,rsa_handshake,0.000262454|0.000062215,0.00,0.00,44490752,44490752,512
346,1764450502.9597585,rsa_handshake,0.000539726|0.000102198,0.00,0.00,44490752,44490752,512
347,1764450502.9922724,rsa_handshake,0.000503790|0.000047728,0.00,0.00,44494848,44494848,512
348,1764450503.0074546,rsa_handshake,0.000436155|0.000084696,0.00,0.00,44494848,44494848,512
349,1764450503.051802,rsa_handshake,0.000428150|0.000087582,0.00,0.00,44494848,44494848,512
350,1764450503.1025403,rsa_handshake,0.000447837|0.000082653,0.00,0.00,44494848,44494848,512
351,1764450503.1197553,rsa_handshake,0.000378569|0.000114923,0.00,0.00,44494848,44494848,512
352,1764450503.1390345,rsa_handshake,0.000314230|0.000070520,0.00,0.00,44494848,44494848,512
353,1764450503.1582208,rsa_handshake,0.000465489|0.000040615,0.00,0.00,44494848,44494848,512
354,1764450503.1999474,rsa_handshake,0.000324550|0.000058838,0.00,0.00,44494848,44494848,512
355,1764450503.2189348,rsa_handshake,0.000436826|0.000088984,0.00,0.00,44494848,44494848,512
356,1764450503.2336228,rsa_handshake,0.000266532|0.000074367,0.00,0.00,44494848,44494848,512
357,1764450503.2549393,rsa_handshake,0.000452045|0.000081170,0.00,0.00,44498944,44498944,512
358,1764450503.3449655,rsa_handshake,0.000225486|0.000047567,0.00,0.00,44498944,44498944,512
359,1764450503.364619,rsa_handshake,0.000390752|0.000079226,0.00,1792.60,44498944,44498944,512
360,1764450503.4078243,rsa_handshake,0.000433220|0.000086791,0.00,0.00,44498944,44498944,512
361,1764450503.4494524,rsa_handshake,0.000464718|0.000070961,0.00,0.00,44498944,44498944,512
362,1764450503.4733987,rsa_handshake,0.000593987|0.000120262,0.00,0.00,44498944,44498944,512
363,1764450503.5100248,rsa_handshake,0.000278444|0.000066793,0.00,0.00,44498944,44498944,512
364,1764450503.5384145,rsa_handshake,0.000297249|0.000067184,0.00,0.00,44498944,44498944,512
365,1764450503.5658848,rsa_handshake,0.000348202|0.000048169,0.00,0.00,44498944,44498944,512
366,1764450503.647046,rsa_handshake,0.000498220|0.000090687,0.00,0.00,44498944,44498944,512
367,1764450503.6822066,rsa_handshake,0.000480778|0.000068566,0.00,0.00,44503040,44503040,512
368,1764450503.7297218,rsa_handshake,0.000439502|0.000085769,0.00,1571.80,44503040,44503040,512
369,1764450503.7964158,rsa_handshake,0.000477462|0.000065872,0.00,0.00,44503040,44503040,512
370,1764450503.8415399,rsa_handshake,0.000436125|0.000096979,0.00,0.00,44503040,44503040,512
371,1764450503.8639734,rsa_handshake,0.000305544|0.000080599,0.00,0.00,44503040,44503040,512
372,1764450503.8777978,rsa_handshake,0.000438539|0.000101628,0.00,0.00,44503040,44503040,512
373,1764450503.9149497,rsa_handshake,0.000486367|0.000103491,0.00,0.00,44503040,44503040,512
374,1764450503.9605708,rsa_handshake,0.000437358|0.000086440,0.00,0.00,44503040,44503040,512
375,1764450504.026333,rsa_handshake,0.000487089|0.000106666,0.00,0.00,44503040,44503040,512
376,1764450504.0768557,rsa_handshake,0.000232409|0.000050122,0.00,0.00,44503040,44503040,512
377,1764450504.1042812,rsa_handshake,0.000250753|0.000058848,0.00,0.00,44507136,44507136,512
378,1764450504.1255603,rsa_handshake,0.000301326|0.000092350,0.00,0.00,44507136,44507136,512
379,1764450504.1717248,rsa_handshake,0.000236777|0.000054681,0.00,0.00,44507136,44507136,512
380,1764450504.236721,rsa_handshake,0.000486889|0.000086820,0.00,0.00,44507136,44507136,512
381,1764450504.2535431,rsa_handshake,0.000456683|0.000066833,0.00,0.00,44507136,44507136,512
382,1764450504.2802007,rsa_handshake,0.000263617|0.000064198,0.00,0.00,44507136,44507136,512
383,1764450504.308108,rsa_handshake,0.000235174|0.000055001,0.00,0.00,44507136,44507136,512
384,1764450504.3273635,rsa_handshake,0.000327955|0.000096819,0.00,1998.70,44507136,44507136,512
385,1764450504.3702047,rsa_handshake,0.000691978|0.000045394,0.00,0.00,44507136,44507136,512
386,1764450504.383776,rsa_handshake,0.000443078|0.000095947,0.00,0.00,44507136,44507136,512
387,1764450504.399116,rsa_handshake,0.000280548|0.000065330,0.00,0.00,44511232,44511232,512
388,1764450504.425982,rsa_handshake,0.000439281|0.000088002,0.00,1582.90,44511232,44511232,512
389,1764450504.4667618,rsa_handshake,0.000539987|0.000104453,0.00,0.00,44511232,44511232,512
390,1764450504.5348742,rsa_handshake,0.000324288|0.000101757,0.00,0.00,44511232,44511232,512
391,1764450504.5684023,rsa_handshake,0.000441204|0.000087521,0.00,0.00,44511232,44511232,512
392,1764450504.6104999,rsa_handshake,0.000264669|0.000066002,0.00,0.00,44511232,44511232,512
393,1764450504.643609,rsa_handshake,0.000376536|0.000070400,0.00,1874.40,44511232,44511232,512
394,1764450504.737247,rsa_handshake,0.000260641|0.000060091,0.00,0.00,44511232,44511232,512
395,1764450504.7824454,rsa_handshake,0.000442116|0.000087292,0.00,0.00,44511232,44511232,512
396,1764450504.825422,rsa_handshake,0.000438270|0.000087481,0.00,0.00,44511232,44511232,512
397,1764450504.8569276,rsa_handshake,0.000562328|0.000142984,0.00,0.00,44515328,44515328,512
398,1764450504.8970852,rsa_handshake,0.000237459|0.000062816,0.00,0.00,44515328,44515328,512
399,1764450504.9185615,rsa_handshake,0.000270379|0.000053308,0.00,0.00,44515328,44515328,512
400,1764450504.9446764,rsa_handshake,0.000434752|0.000060882,0.00,0.00,44515328,44515328,512
401,1764450504.973503,rsa_handshake,0.000414436|0.000059851,0.00,0.00,44515328,44515328,512
402,1764450505.0139983,rsa_handshake,0.000242598|0.000053850,0.00,0.00,44515328,44515328,512
403,1764450505.0438898,rsa_handshake,0.000241947|0.000051025,0.00,0.00,44515328,44515328,512
404,1764450505.115937,rsa_handshake,0.000227770|0.000047859,0.00,0.00,44515328,44515328,512
405,1764450505.187027,rsa_handshake,0.000471200|0.000091138,0.00,0.00,44515328,44515328,512
406,1764450505.2133152,rsa_handshake,0.000440042|0.000093392,0.00,0.00,44515328,44515328,512
407,1764450505.2602744,rsa_handshake,0.000466562|0.000092481,0.00,0.00,44519424,44519424,512
408,1764450505.275386,rsa_handshake,0.000440624|0.000087161,0.00,0.00,44519424,44519424,512
409,1764450505.3630235,rsa_handshake,0.000429523|0.000084647,0.00,0.00,44519424,44519424,512
410,1764450505.4079885,rsa_handshake,0.000233151|0.000052497,0.00,0.00,44519424,44519424,512
411,1764450505.4391215,rsa_handshake,0.000408734|0.000073245,0.00,0.00,44519424,44519424,512
412,1764450505.466966,rsa_handshake,0.000432659|0.000086219,0.00,0.00,44519424,44519424,512
413,1764450505.496657,rsa_handshake,0.000448418|0.000068868,0.00,0.00,44519424,44519424,512
414,1764450505.517042,rsa_handshake,0.000431657|0.000078686,0.00,0.00,44519424,44519424,512
415,1764450505.5526855,rsa_handshake,0.000442998|0.000096819,0.00,0.00,44519424,44519424,512
416,1764450505.6035945,rsa_handshake,0.000269047|0.000048840,0.00,0.00,44519424,44519424,512
417,1764450505.6664507,rsa_handshake,0.000519629|0.000041597,0.00,0.00,44523520,44523520,512
418,1764450505.6925325,rsa_handshake,0.000456963|0.000100576,0.00,0.00,44523520,44523520,512
419,1764450505.7605505,rsa_handshake,0.000377107|0.000086890,0.00,0.00,44523520,44523520,512
420,1764450505.85953,rsa_handshake,0.000284515|0.000051926,0.00,0.00,44523520,44523520,512
421,1764450505.87847,rsa_handshake,0.000284475|0.000067304,0.00,0.00,44523520,44523520,512
422,1764450505.8984153,rsa_handshake,0.000466101|0.000091199,0.00,0.00,44523520,44523520,512
423,1764450505.9272711,rsa_handshake,0.000437338|0.000100285,0.00,0.00,44523520,44523520,512
424,1764450505.9630585,rsa_handshake,0.000430044|0.000084997,0.00,0.00,44523520,44523520,512
425,1764450505.980651,rsa_handshake,0.000250452|0.000050022,0.00,0.00,44523520,44523520,512
426,1764450506.007848,rsa_handshake,0.000519880|0.000049702,0.00,0.00,44523520,44523520,512
427,1764450506.0350318,rsa_handshake,0.000239833|0.000056655,0.00,0.00,44527616,44527616,512
428,1764450506.0584981,rsa_handshake,0.000268546|0.000066322,0.00,0.00,44527616,44527616,512
429,1764450506.075799,rsa_handshake,0.000512716|0.000102900,0.00,0.00,44527616,44527616,512
430,1764450506.09177,rsa_handshake,0.000475478|0.000102158,0.00,1481.90,44527616,44527616,512
431,1764450506.1336718,rsa_handshake,0.000255452|0.000053258,0.00,0.00,44527616,44527616,512
432,1764450506.1885848,rsa_handshake,0.000446654|0.000106547,0.00,0.00,44527616,44527616,512
433,1764450506.2667606,rsa_handshake,0.000454880|0.000108330,0.00,0.00,44527616,44527616,512
434,1764450506.292515,rsa_handshake,0.000279747|0.000064339,0.00,0.00,44527616,44527616,512
435,1764450506.3319037,rsa_handshake,0.000357100|0.000050634,0.00,0.00,44527616,44527616,512
436,1764450506.3803244,rsa_handshake,0.000294864|0.000076170,0.00,0.00,44527616,44527616,512
437,1764450506.4256814,rsa_handshake,0.000232750|0.000050553,0.00,0.00,44531712,44531712,512
438,1764450506.5181897,rsa_handshake,0.000293332|0.000052978,0.00,0.00,44531712,44531712,512
439,1764450506.5970373,rsa_handshake,0.000552029|0.000114081,0.00,0.00,44531712,44531712,512
440,1764450506.6481314,rsa_handshake,0.000229714|0.000051515,0.00,0.00,44531712,44531712,512
441,1764450506.6845047,rsa_handshake,0.000437338|0.000085227,0.00,0.00,44531712,44531712,512
442,1764450506.7291641,rsa_handshake,0.000457815|0.000097670,0.00,0.00,44531712,44531712,512
443,1764450506.786727,rsa_handshake,0.000519008|0.000066913,0.00,0.00,44531712,44531712,512
444,1764450506.812867,rsa_handshake,0.000427620|0.000083584,0.00,0.00,44531712,44531712,512
445,1764450506.8274949,rsa_handshake,0.000391503|0.000048279,0.00,0.00,44531712,44531712,512
446,1764450506.870981,rsa_handshake,0.000267354|0.000063557,0.00,0.00,44531712,44531712,512
447,1764450506.8956928,rsa_handshake,0.000472242|0.000100004,0.00,0.00,44535808,44535808,512
448,1764450506.9179718,rsa_handshake,0.000468555|0.000101577,0.00,1309.80,44535808,44535808,512
449,1764450506.9346366,rsa_handshake,0.000521854|0.000046496,0.00,0.00,44535808,44535808,512
450,1764450506.9714046,rsa_handshake,0.000460169|0.000052296,0.00,0.00,44535808,44535808,512
451,1764450507.0303905,rsa_handshake,0.000305775|0.000048600,0.00,0.00,44535808,44535808,512
452,1764450507.071331,rsa_handshake,0.000268596|0.000062165,0.00,0.00,44535808,44535808,512
453,1764450507.103231,rsa_handshake,0.000545457|0.000129139,0.00,0.00,44535808,44535808,512
454,1764450507.1463115,rsa_handshake,0.000436386|0.000113630,0.00,0.00,44535808,44535808,512
455,1764450507.1814518,rsa_handshake,0.000339657|0.000062055,0.00,1999.10,44535808,44535808,512
456,1764450507.2535577,rsa_handshake,0.000518287|0.000049281,0.00,0.00,44535808,44535808,512
457,1764450507.3119678,rsa_handshake,0.000534697|0.000104162,0.00,0.00,44539904,44539904,512
458,1764450507.3407485,rsa_handshake,0.000441496|0.000085608,0.00,0.00,44539904,44539904,512
459,1764450507.357082,rsa_handshake,0.000444210|0.000096929,0.00,0.00,44539904,44539904,512
460,1764450507.385576,rsa_handshake,0.000274637|0.000058568,0.00,0.00,44539904,44539904,512
461,1764450507.445708,rsa_handshake,0.000293662|0.000068286,0.00,0.00,44539904,44539904,512
462,1764450507.4610496,rsa_handshake,0.000315332|0.000077754,0.00,2142.60,44539904,44539904,512
463,1764450507.4882424,rsa_handshake,0.000280718|0.000070850,0.00,0.00,44539904,44539904,512
464,1764450507.5381284,rsa_handshake,0.000258478|0.000053088,0.00,0.00,44539904,44539904,512
465,1764450507.5706716,rsa_handshake,0.000260812|0.000050703,0.00,0.00,44539904,44539904,512
466,1764450507.6044788,rsa_handshake,0.000350027|0.000096588,0.00,0.00,44539904,44539904,512
467,1764450507.6349697,rsa_handshake,0.000432168|0.000088674,0.00,1661.80,44544000,44544000,512
468,1764450507.6988525,rsa_handshake,0.000384861|0.000050734,0.00,0.00,44544000,44544000,512
469,1764450507.716532,rsa_handshake,0.000234233|0.000050032,0.00,0.00,44544000,44544000,512
470,1764450507.7430518,rsa_handshake,0.000440623|0.000086660,0.00,0.00,44544000,44544000,512
471,1764450507.8379831,rsa_handshake,0.000446113|0.000064298,0.00,0.00,44544000,44544000,512
472,1764450507.8533773,rsa_handshake,0.000433009|0.000082974,0.00,0.00,44544000,44544000,512
473,1764450507.9024606,rsa_handshake,0.000462454|0.000098622,0.00,1511.30,44544000,44544000,512
474,1764450507.9474795,rsa_handshake,0.000258196|0.000061513,0.00,0.00,44544000,44544000,512
475,1764450507.9696224,rsa_handshake,0.000446524|0.000085297,0.00,0.00,44544000,44544000,512
476,1764450508.0132036,rsa_handshake,0.000551398|0.000081801,0.00,0.00,44544000,44544000,512
477,1764450508.0672677,rsa_handshake,0.000247537|0.000054881,0.00,0.00,44544000,44544000,512
478,1764450508.1188006,rsa_handshake,0.000301346|0.000065441,0.00,0.00,44544000,44544000,512
479,1764450508.13676,rsa_handshake,0.000307869|0.000067395,0.00,0.00,44548096,44548096,512
480,1764450508.159528,rsa_handshake,0.000536621|0.000059429,0.00,0.00,44548096,44548096,512
481,1764450508.203829,rsa_handshake,0.000875586|0.000042769,0.00,0.00,44548096,44548096,512
482,1764450508.2517452,rsa_handshake,0.000575302|0.000097800,0.00,0.00,44548096,44548096,512
483,1764450508.2869337,rsa_handshake,0.000298721|0.000077102,0.00,0.00,44548096,44548096,512
484,1764450508.367654,rsa_handshake,0.000241215|0.000051225,0.00,2715.10,44548096,44548096,512
485,1764450508.4080687,rsa_handshake,0.000346841|0.000062836,0.00,0.00,44548096,44548096,512
486,1764450508.4675326,rsa_handshake,0.000290346|0.000082673,0.00,0.00,44548096,44548096,512
487,1764450508.4949648,rsa_handshake,0.000286319|0.000079406,0.00,0.00,44548096,44548096,512
488,1764450508.5168784,rsa_handshake,0.000437908|0.000089054,0.00,0.00,44548096,44548096,512
489,1764450508.5472312,rsa_handshake,0.000284695|0.000079326,0.00,0.00,44548096,44548096,512
490,1764450508.5892375,rsa_handshake,0.000368591|0.000076471,0.00,0.00,44552192,44552192,512
491,1764450508.626382,rsa_handshake,0.000456663|0.000134419,0.00,0.00,44552192,44552192,512
492,1764450508.654023,rsa_handshake,0.000429523|0.000065591,0.00,0.00,44552192,44552192,512
493,1764450508.7129464,rsa_handshake,0.000356047|0.000089936,0.00,1825.20,44552192,44552192,512
494,1764450508.7747042,rsa_handshake,0.000450612|0.000093112,0.00,0.00,44552192,44552192,512
495,1764450508.8298213,rsa_handshake,0.000233191|0.000050323,0.00,0.00,44552192,44552192,512
496,1764450508.8532617,rsa_handshake,0.000443729|0.000073115,0.00,0.00,44552192,44552192,512
497,1764450508.9095473,rsa_handshake,0.000341821|0.000102298,0.00,0.00,44552192,44552192,512
498,1764450508.9551048,rsa_handshake,0.000259809|0.000076912,0.00,2542.60,44552192,44552192,512
499,1764450508.9840257,rsa_handshake,0.000483843|0.000086940,0.00,0.00,44552192,44552192,512
500,1764450509.0405805,rsa_handshake,0.000229473|0.000049711,0.00,0.00,44552192,44552192,512
501,1764450509.0623965,rsa_handshake,0.000242889|0.000051736,0.00,0.00,44556288,44556288,512
502,1764450509.091784,rsa_handshake,0.000429323|0.000084997,0.00,0.00,44556288,44556288,512
503,1764450509.132676,rsa_handshake,0.000449130|0.000075069,0.00,0.00,44556288,44556288,512
504,1764450509.154232,rsa_handshake,0.000467352|0.000102550,0.00,0.00,44556288,44556288,512
505,1764450509.2070627,rsa_handshake,0.000487170|0.000122286,0.00,0.00,44556288,44556288,512
506,1764450509.2238824,rsa_handshake,0.000254870|0.000057105,0.00,0.00,44556288,44556288,512
507,1764450509.2473981,rsa_handshake,0.000287691|0.000059270,0.00,0.00,44556288,44556288,512
508,1764450509.2731411,rsa_handshake,0.000267113|0.000058548,0.00,0.00,44556288,44556288,512
509,1764450509.3132272,rsa_handshake,0.000277502|0.000076741,0.00,0.00,44556288,44556288,512
510,1764450509.3541842,rsa_handshake,0.000262204|0.000065120,0.00,0.00,44556288,44556288,512
511,1764450509.3739884,rsa_handshake,0.000288693|0.000052046,0.00,0.00,44556288,44556288,512
512,1764450509.4076319,rsa_handshake,0.000247637|0.000052217,0.00,0.00,44560384,44560384,512
513,1764450509.4701421,rsa_handshake,0.000618532|0.000038491,0.00,0.00,44560384,44560384,512
514,1764450509.4975555,rsa_handshake,0.000464147|0.000099774,0.00,0.00,44560384,44560384,512
515,1764450509.5449014,rsa_handshake,0.000255291|0.000051736,0.00,0.00,44560384,44560384,512
516,1764450509.5696309,rsa_handshake,0.000259128|0.000062766,0.00,0.00,44560384,44560384,512
517,1764450509.5817876,rsa_handshake,0.000246445|0.000051155,0.00,0.00,44560384,44560384,512
518,1764450509.6258132,rsa_handshake,0.000526823|0.000072053,0.00,0.00,44560384,44560384,512
519,1764450509.6559677,rsa_handshake,0.000338565|0.000049171,0.00,0.00,44560384,44560384,512
520,1764450509.708266,rsa_handshake,0.000247327|0.000052166,0.00,0.00,44560384,44560384,512
521,1764450509.7506726,rsa_handshake,0.000265971|0.000068386,0.00,0.00,44560384,44560384,512
522,1764450509.7699976,rsa_handshake,0.000413163|0.000058648,0.00,0.00,44560384,44560384,512
523,1764450509.8131635,rsa_handshake,0.000285187|0.000071903,0.00,0.00,44564480,44564480,512
524,1764450509.8514268,rsa_handshake,0.000478143|0.000062796,0.00,0.00,44564480,44564480,512
525,1764450509.8667603,rsa_handshake,0.000274597|0.000072564,0.00,0.00,44564480,44564480,512
526,1764450509.9208355,rsa_handshake,0.000256764|0.000055673,0.00,0.00,44564480,44564480,512
527,1764450509.94854,rsa_handshake,0.000454349|0.000091419,0.00,0.00,44564480,44564480,512
528,1764450509.964339,rsa_handshake,0.000448147|0.000054981,0.00,0.00,44564480,44564480,512
529,1764450509.9823792,rsa_handshake,0.000349645|0.000057245,0.00,0.00,44564480,44564480,512
530,1764450510.010038,rsa_handshake,0.000306816|0.000052537,0.00,0.00,44564480,44564480,512
531,1764450510.032625,rsa_handshake,0.000473344|0.000123689,0.00,0.00,44564480,44564480,512
532,1764450510.048513,rsa_handshake,0.000238640|0.000054470,0.00,0.00,44564480,44564480,512
533,1764450510.0651124,rsa_handshake,0.000306636|0.000078585,0.00,0.00,44564480,44564480,512
534,1764450510.1121955,rsa_handshake,0.000317466|0.000079817,0.00,0.00,44564480,44564480,512
535,1764450510.1620624,rsa_handshake,0.000278754|0.000065711,0.00,0.00,44568576,44568576,512
536,1764450510.18388,rsa_handshake,0.000452145|0.000099464,0.00,1543.50,44568576,44568576,512
537,1764450510.2424343,rsa_handshake,0.000469517|0.000087181,0.00,0.00,44568576,44568576,512
538,1764450510.2720134,rsa_handshake,0.000241756|0.000066172,0.00,0.00,44568576,44568576,512
539,1764450510.2990112,rsa_handshake,0.000463216|0.000115764,0.00,0.00,44568576,44568576,512
540,1764450510.31951,rsa_handshake,0.000496517|0.000120493,0.00,0.00,44568576,44568576,512
541,1764450510.3584526,rsa_handshake,0.000334698|0.000067234,0.00,0.00,44568576,44568576,512
542,1764450510.41054,rsa_handshake,0.000233652|0.000049441,0.00,0.00,44568576,44568576,512
543,1764450510.4753728,rsa_handshake,0.000243600|0.000053088,0.00,0.00,44568576,44568576,512
544,1764450510.502072,rsa_handshake,0.000288092|0.000052497,0.00,0.00,44568576,44568576,512
545,1764450510.5498269,rsa_handshake,0.000469587|0.000036918,0.00,0.00,44568576,44568576,512
546,1764450510.5774348,rsa_handshake,0.000441596|0.000055012,0.00,0.00,44572672,44572672,512
547,1764450510.6166735,rsa_handshake,0.000437568|0.000085939,0.00,0.00,44572672,44572672,512
548,1764450510.6400132,rsa_handshake,0.000237048|0.000052517,0.00,0.00,44572672,44572672,512
549,1764450510.6866636,rsa_handshake,0.000478293|0.000064219,0.00,0.00,44572672,44572672,512
550,1764450510.720232,rsa_handshake,0.000451523|0.000087852,0.00,0.00,44572672,44572672,512
551,1764450510.7610548,rsa_handshake,0.000234643|0.000071052,0.00,0.00,44572672,44572672,512
552,1764450510.7785418,rsa_handshake,0.000511264|0.000111826,0.00,0.00,44572672,44572672,512
553,1764450510.8042228,rsa_handshake,0.000497659|0.000095416,0.00,0.00,44572672,44572672,512
554,1764450510.851482,rsa_handshake,0.000342242|0.000065010,0.00,0.00,44572672,44572672,512
555,1764450510.8792846,rsa_handshake,0.000238239|0.000050513,0.00,0.00,44572672,44572672,512
556,1764450510.8976657,rsa_handshake,0.000449380|0.000098161,0.00,0.00,44572672,44572672,512
557,1764450510.9616723,rsa_handshake,0.000372288|0.000049131,0.00,0.00,44576768,44576768,512
558,1764450511.0060892,rsa_handshake,0.000235846|0.000049371,0.00,0.00,44576768,44576768,512
559,1764450511.0260804,rsa_handshake,0.000438079|0.000089696,0.00,0.00,44576768,44576768,512
560,1764450511.0884051,rsa_handshake,0.000281650|0.000066943,0.00,0.00,44576768,44576768,512
561,1764450511.1416497,rsa_handshake,0.000385521|0.000058087,0.00,0.00,44576768,44576768,512
562,1764450511.1813278,rsa_handshake,0.000300595|0.000049691,0.00,0.00,44576768,44576768,512
563,1764450511.2531168,rsa_handshake,0.000504592|0.000103682,0.00,0.00,44576768,44576768,512
564,1764450511.2962382,rsa_handshake,0.000429613|0.000090607,0.00,0.00,44576768,44576768,512
565,1764450511.3166797,rsa_handshake,0.000232509|0.000049030,0.00,0.00,44576768,44576768,512
566,1764450511.3804574,rsa_handshake,0.000245474|0.000050223,0.00,0.00,44576768,44576768,512
567,1764450511.3996172,rsa_handshake,0.000276641|0.000047237,0.00,0.00,44576768,44576768,512
568,1764450511.4177282,rsa_handshake,0.000243840|0.000054501,0.00,0.00,44580864,44580864,512
569,1764450511.4377997,rsa_handshake,0.000534908|0.000108641,0.00,0.00,44580864,44580864,512
570,1764450511.4640617,rsa_handshake,0.000294394|0.000056304,0.00,0.00,44580864,44580864,512
571,1764450511.5100636,rsa_handshake,0.000281900|0.000069097,0.00,0.00,44580864,44580864,512
572,1764450511.5645432,rsa_handshake,0.000449801|0.000089586,0.00,0.00,44580864,44580864,512
573,1764450511.5999124,rsa_handshake,0.000432579|0.000049822,0.00,0.00,44580864,44580864,512
574,1764450511.6503463,rsa_handshake,0.000380292|0.000051865,0.00,0.00,44580864,44580864,512
575,1764450511.7171526,rsa_handshake,0.000526492|0.000104413,0.00,0.00,44580864,44580864,512
576,1764450511.7518177,rsa_handshake,0.000451694|0.000085227,0.00,0.00,44580864,44580864,512
577,1764450511.8436413,rsa_handshake,0.000889833|0.000037399,0.00,0.00,44580864,44580864,512
578,1764450511.8782089,rsa_handshake,0.000425776|0.000079808,0.00,0.00,44580864,44580864,512
579,1764450511.9014351,rsa_handshake,0.000284805|0.000060011,0.00,0.00,44584960,44584960,512
580,1764450511.9311972,rsa_handshake,0.000331322|0.000052016,0.00,0.00,44584960,44584960,512
581,1764450511.9468286,rsa_handshake,0.000390151|0.000089816,0.00,0.00,44584960,44584960,512
582,1764450511.975148,rsa_handshake,0.000431396|0.000085007,0.00,0.00,44584960,44584960,512
583,1764450512.0020685,rsa_handshake,0.000296468|0.000046726,0.00,0.00,44584960,44584960,512
584,1764450512.065704,rsa_handshake,0.000229263|0.000047518,0.00,0.00,44584960,44584960,512
585,1764450512.0943768,rsa_handshake,0.000484194|0.000078876,0.00,0.00,44584960,44584960,512
586,1764450512.22768,rsa_handshake,0.000284044|0.000066552,0.00,0.00,44584960,44584960,512
587,1764450512.2656143,rsa_handshake,0.000546559|0.000103471,0.00,0.00,44584960,44584960,512
588,1764450512.289902,rsa_handshake,0.000228181|0.000047778,0.00,0.00,44584960,44584960,512
589,1764450512.323749,rsa_handshake,0.000267855|0.000065381,0.00,0.00,44584960,44584960,512
590,1764450512.3896549,rsa_handshake,0.000247306|0.000048399,0.00,0.00,44589056,44589056,512
591,1764450512.417796,rsa_handshake,0.000237097|0.000051254,0.00,0.00,44589056,44589056,512
592,1764450512.4469385,rsa_handshake,0.000529377|0.000102690,0.00,0.00,44589056,44589056,512
593,1764450512.485217,rsa_handshake,0.000430064|0.000106096,0.00,0.00,44589056,44589056,512
594,1764450512.5424948,rsa_handshake,0.000312687|0.000121424,0.00,0.00,44589056,44589056,512
595,1764450512.5670469,rsa_handshake,0.000532734|0.000089656,0.00,0.00,44589056,44589056,512
596,1764450512.6964705,rsa_handshake,0.000529568|0.000113519,0.00,0.00,44589056,44589056,512
597,1764450512.7412996,rsa_handshake,0.000448848|0.000051304,0.00,0.00,44589056,44589056,512
598,1764450512.7949421,rsa_handshake,0.000527834|0.000101828,0.00,0.00,44589056,44589056,512
599,1764450512.835289,rsa_handshake,0.000429533|0.000099213,0.00,0.00,44589056,44589056,512
600,1764450512.8994987,rsa_handshake,0.000292150|0.000086460,0.00,0.00,44589056,44589056,512
601,1764450512.9266884,rsa_handshake,0.000664136|0.000137554,0.00,0.00,44593152,44593152,512
602,1764450512.9949462,rsa_handshake,0.000469466|0.000086239,0.00,1560.70,44593152,44593152,512
603,1764450513.0401692,rsa_handshake,0.000316184|0.000060051,0.00,0.00,44593152,44593152,512
604,1764450513.0574443,rsa_handshake,0.000463295|0.000108631,0.00,0.00,44593152,44593152,512
605,1764450513.0898998,rsa_handshake,0.000436546|0.000086009,0.00,0.00,44593152,44593152,512
606,1764450513.173912,rsa_handshake,0.000254410|0.000070450,0.00,0.00,44593152,44593152,512
607,1764450513.1840024,rsa_handshake,0.000223663|0.000046636,0.00,0.00,44593152,44593152,512
608,1764450513.2400343,rsa_handshake,0.000293472|0.000074507,0.00,0.00,44593152,44593152,512
609,1764450513.2633429,rsa_handshake,0.000699973|0.000045353,0.00,0.00,44593152,44593152,512
610,1764450513.2954738,rsa_handshake,0.000479485|0.000066273,0.00,0.00,44593152,44593152,512
611,1764450513.3248975,rsa_handshake,0.000463365|0.000091178,0.00,1590.40,44593152,44593152,512
612,1764450513.381935,rsa_handshake,0.000273756|0.000065101,0.00,0.00,44597248,44597248,512
613,1764450513.4087772,rsa_handshake,0.000264218|0.000061353,0.00,0.00,44597248,44597248,512
614,1764450513.474838,rsa_handshake,0.000428721|0.000085919,0.00,0.00,44597248,44597248,512
615,1764450513.5334368,rsa_handshake,0.000252205|0.000049772,0.00,0.00,44597248,44597248,512
616,1764450513.5632203,rsa_handshake,0.000327304|0.000063768,0.00,0.00,44597248,44597248,512
617,1764450513.5789218,rsa_handshake,0.000268365|0.000069668,0.00,0.00,44597248,44597248,512
618,1764450513.6400654,rsa_handshake,0.000278795|0.000052718,0.00,0.00,44597248,44597248,512
619,1764450513.6793628,rsa_handshake,0.000444490|0.000086370,0.00,0.00,44597248,44597248,512
620,1764450513.77284,rsa_handshake,0.000263707|0.000052847,0.00,0.00,44597248,44597248,512
621,1764450513.857116,rsa_handshake,0.000394489|0.000051014,0.00,0.00,44597248,44597248,512
622,1764450513.8919935,rsa_handshake,0.000344917|0.000050713,0.00,2126.60,44597248,44597248,512
623,1764450513.9389813,rsa_handshake,0.000244191|0.000064188,0.00,0.00,44597248,44597248,512
624,1764450514.0085902,rsa_handshake,0.000243009|0.000061233,0.00,0.00,44601344,44601344,512
625,1764450514.0429976,rsa_handshake,0.000544826|0.000097890,0.00,0.00,44601344,44601344,512
626,1764450514.108853,rsa_handshake,0.000477441|0.000089605,0.00,0.00,44601344,44601344,512
627,1764450514.1718206,rsa_handshake,0.000297709|0.000083684,0.00,0.00,44601344,44601344,512
628,1764450514.2011924,rsa_handshake,0.000431517|0.000085598,0.00,0.00,44601344,44601344,512
629,1764450514.231453,rsa_handshake,0.000544014|0.000106156,0.00,0.00,44601344,44601344,512
630,1764450514.2746084,rsa_handshake,0.000440033|0.000108531,0.00,0.00,44601344,44601344,512
631,1764450514.306273,rsa_handshake,0.000242087|0.000053028,0.00,0.00,44601344,44601344,512
632,1764450514.3417437,rsa_handshake,0.000480827|0.000105174,0.00,1467.80,44601344,44601344,512
633,1764450514.35468,rsa_handshake,0.000227490|0.000048920,0.00,0.00,44601344,44601344,512
634,1764450514.429391,rsa_handshake,0.000449089|0.000058799,0.00,0.00,44601344,44601344,512
635,1764450514.4439974,rsa_handshake,0.000350326|0.000048860,0.00,0.00,44605440,44605440,512
636,1764450514.460806,rsa_handshake,0.000432529|0.000058007,0.00,0.00,44605440,44605440,512
637,1764450514.517395,rsa_handshake,0.000246495|0.000056474,0.00,0.00,44605440,44605440,512
638,1764450514.5746896,rsa_handshake,0.000532824|0.000055062,0.00,0.00,44605440,44605440,512
639,1764450514.6335871,rsa_handshake,0.000360075|0.000059951,0.00,0.00,44605440,44605440,512
640,1764450514.665268,rsa_handshake,0.000246785|0.000083804,0.00,0.00,44605440,44605440,512
641,1764450514.7083414,rsa_handshake,0.000565924|0.000041266,0.00,0.00,44605440,44605440,512
642,1764450514.740692,rsa_handshake,0.000295235|0.000076702,0.00,0.00,44605440,44605440,512
643,1764450514.759983,rsa_handshake,0.000232179|0.000049101,0.00,0.00,44605440,44605440,512
644,1764450514.7753346,rsa_handshake,0.000296467|0.000090257,0.00,0.00,44605440,44605440,512
645,1764450514.8047307,rsa_handshake,0.000239131|0.000074297,0.00,2754.40,44605440,44605440,512
646,1764450514.8256297,rsa_handshake,0.000415066|0.000048509,0.00,0.00,44609536,44609536,512
647,1764450514.8699367,rsa_handshake,0.000547941|0.000072774,0.00,0.00,44609536,44609536,512
648,1764450514.920546,rsa_handshake,0.000282491|0.000050072,0.00,0.00,44609536,44609536,512
649,1764450514.9447129,rsa_handshake,0.000295506|0.000080539,0.00,2143.30,44609536,44609536,512
650,1764450514.972128,rsa_handshake,0.000256624|0.000053489,0.00,0.00,44609536,44609536,512
651,1764450514.9925327,rsa_handshake,0.000231056|0.000049491,0.00,0.00,44609536,44609536,512
652,1764450515.0376902,rsa_handshake,0.000232750|0.000050984,0.00,0.00,44609536,44609536,512
653,1764450515.052843,rsa_handshake,0.000272203|0.000086099,0.00,2396.30,44609536,44609536,512
654,1764450515.0811894,rsa_handshake,0.000442297|0.000075680,0.00,0.00,44609536,44609536,512
655,1764450515.1425588,rsa_handshake,0.000232499|0.000050523,0.00,0.00,44609536,44609536,512
656,1764450515.1839821,rsa_handshake,0.000267203|0.000063487,0.00,0.00,44609536,44609536,512
657,1764450515.231511,rsa_handshake,0.000307918|0.000117306,0.00,0.00,44613632,44613632,512
658,1764450515.259937,rsa_handshake,0.000447386|0.000072483,0.00,0.00,44613632,44613632,512
659,1764450515.291399,rsa_handshake,0.000317316|0.000057436,0.00,0.00,44613632,44613632,512
660,1764450515.3172252,rsa_handshake,0.000257906|0.000077062,0.00,0.00,44613632,44613632,512
661,1764450515.3397796,rsa_handshake,0.000241626|0.000051585,0.00,0.00,44613632,44613632,512
662,1764450515.3760474,rsa_handshake,0.000230285|0.000049621,0.00,0.00,44613632,44613632,512
663,1764450515.4151404,rsa_handshake,0.000236707|0.000051685,0.00,0.00,44613632,44613632,512
664,1764450515.4376109,rsa_handshake,0.000492870|0.000079236,0.00,0.00,44613632,44613632,512
665,1764450515.4776363,rsa_handshake,0.000237208|0.000057576,0.00,0.00,44613632,44613632,512
666,1764450515.5362473,rsa_handshake,0.000270620|0.000056214,0.00,0.00,44613632,44613632,512
667,1764450515.567352,rsa_handshake,0.000357340|0.000085568,0.00,0.00,44617728,44617728,512
668,1764450515.5876038,rsa_handshake,0.000433270|0.000057566,0.00,1724.90,44617728,44617728,512
669,1764450515.6136255,rsa_handshake,0.000239943|0.000078535,0.00,0.00,44617728,44617728,512
670,1764450515.6354637,rsa_handshake,0.000467292|0.000080028,0.00,0.00,44617728,44617728,512
671,1764450515.6563222,rsa_handshake,0.000278465|0.000065391,0.00,0.00,44617728,44617728,512
672,1764450515.6838205,rsa_handshake,0.000237799|0.000050503,0.00,0.00,44617728,44617728,512
673,1764450515.7115464,rsa_handshake,0.000560104|0.000048670,0.00,0.00,44617728,44617728,512
674,1764450515.7464848,rsa_handshake,0.000307939|0.000083754,0.00,0.00,44617728,44617728,512
675,1764450515.8196406,rsa_handshake,0.000250302|0.000058959,0.00,0.00,44617728,44617728,512
676,1764450515.8728197,rsa_handshake,0.000262194|0.000061534,0.00,0.00,44617728,44617728,512
677,1764450515.8857117,rsa_handshake,0.000244451|0.000058248,0.00,0.00,44621824,44621824,512
678,1764450515.9268827,rsa_handshake,0.000438189|0.000094545,0.00,0.00,44621824,44621824,512
679,1764450515.9824786,rsa_handshake,0.000418693|0.000067224,0.00,0.00,44621824,44621824,512
680,1764450516.006832,rsa_handshake,0.000468896|0.000092471,0.00,0.00,44621824,44621824,512
681,1764450516.0659676,rsa_handshake,0.000443579|0.000102268,0.00,0.00,44621824,44621824,512
682,1764450516.0952668,rsa_handshake,0.000376916|0.000069939,0.00,0.00,44621824,44621824,512
683,1764450516.130206,rsa_handshake,0.000270679|0.000057516,0.00,0.00,44621824,44621824,512
684,1764450516.1694336,rsa_handshake,0.000524408|0.000082733,0.00,0.00,44621824,44621824,512
685,1764450516.2196414,rsa_handshake,0.000563611|0.000113900,0.00,0.00,44621824,44621824,512
686,1764450516.2380338,rsa_handshake,0.000325591|0.000051535,0.00,0.00,44621824,44621824,512
687,1764450516.2907205,rsa_handshake,0.000486459|0.000082843,0.00,0.00,44625920,44625920,512
688,1764450516.311209,rsa_handshake,0.000308159|0.000059621,0.00,2156.80,44625920,44625920,512
689,1764450516.3592942,rsa_handshake,0.000313037|0.000058799,0.00,0.00,44625920,44625920,512
690,1764450516.3852487,rsa_handshake,0.000440734|0.000116756,0.00,0.00,44625920,44625920,512
691,1764450516.4576046,rsa_handshake,0.000467403|0.000062395,0.00,0.00,44625920,44625920,512
692,1764450516.484063,rsa_handshake,0.000251385|0.000049541,0.00,0.00,44625920,44625920,512
693,1764450516.5378838,rsa_handshake,0.000470028|0.000072544,0.00,0.00,44625920,44625920,512
694,1764450516.5644023,rsa_handshake,0.000317015|0.000053910,0.00,0.00,44625920,44625920,512
695,1764450516.5847094,rsa_handshake,0.000439040|0.000052807,0.00,0.00,44625920,44625920,512
696,1764450516.6165447,rsa_handshake,0.000351479|0.000064900,0.00,0.00,44625920,44625920,512
697,1764450516.6438658,rsa_handshake,0.000235856|0.000066403,0.00,0.00,44630016,44630016,512
698,1764450516.6741297,rsa_handshake,0.000270229|0.000050083,0.00,0.00,44630016,44630016,512
699,1764450516.6953118,rsa_handshake,0.000264248|0.000049812,0.00,0.00,44630016,44630016,512
700,1764450516.743572,rsa_handshake,0.000233651|0.000050413,0.00,0.00,44630016,44630016,512
701,1764450516.7728536,rsa_handshake,0.000543343|0.000104403,0.00,0.00,44630016,44630016,512
702,1764450516.8223572,rsa_handshake,0.000434082|0.000055903,0.00,0.00,44630016,44630016,512
703,1764450516.8469558,rsa_handshake,0.000444000|0.000096619,0.00,0.00,44630016,44630016,512
704,1764450516.8633523,rsa_handshake,0.000286900|0.000064669,0.00,0.00,44630016,44630016,512
705,1764450516.9103131,rsa_handshake,0.000466782|0.000035545,0.00,0.00,44630016,44630016,512
706,1764450516.9639797,rsa_handshake,0.000258237|0.000067405,0.00,0.00,44630016,44630016,512
707,1764450516.985238,rsa_handshake,0.000239412|0.000059270,0.00,0.00,44634112,44634112,512
708,1764450517.0143495,rsa_handshake,0.000380383|0.000049682,0.00,0.00,44634112,44634112,512
709,1764450517.0451143,rsa_handshake,0.000286789|0.000077714,0.00,0.00,44634112,44634112,512
710,1764450517.106615,rsa_handshake,0.000542972|0.000118910,0.00,0.00,44634112,44634112,512
711,1764450517.138699,rsa_handshake,0.000441866|0.000112087,0.00,0.00,44634112,44634112,512
712,1764450517.1705086,rsa_handshake,0.000285727|0.000065090,0.00,0.00,44634112,44634112,512
713,1764450517.2070374,rsa_handshake,0.000433771|0.000087611,0.00,0.00,44634112,44634112,512
714,1764450517.222088,rsa_handshake,0.000314411|0.000066432,0.00,0.00,44634112,44634112,512
715,1764450517.2519,rsa_handshake,0.000449670|0.000059550,0.00,0.00,44634112,44634112,512
716,1764450517.2882483,rsa_handshake,0.000489994|0.000112517,0.00,0.00,44634112,44634112,512
717,1764450517.3343372,rsa_handshake,0.000538113|0.000054591,0.00,0.00,44638208,44638208,512
718,1764450517.3577178,rsa_handshake,0.000242999|0.000052697,0.00,0.00,44638208,44638208,512
719,1764450517.3799608,rsa_handshake,0.000441245|0.000090517,0.00,0.00,44638208,44638208,512
720,1764450517.4175482,rsa_handshake,0.000421829|0.000049231,0.00,0.00,44638208,44638208,512
721,1764450517.4654768,rsa_handshake,0.000253598|0.000059470,0.00,0.00,44638208,44638208,512
722,1764450517.5088286,rsa_handshake,0.000431306|0.000065711,0.00,0.00,44638208,44638208,512
723,1764450517.5474021,rsa_handshake,0.000279917|0.000067064,0.00,0.00,44638208,44638208,512
724,1764450517.5977142,rsa_handshake,0.000413283|0.000067765,0.00,0.00,44638208,44638208,512
725,1764450517.6198342,rsa_handshake,0.000306897|0.000088283,0.00,0.00,44638208,44638208,512
726,1764450517.639652,rsa_handshake,0.000623250|0.000100245,0.00,1182.60,44638208,44638208,512
727,1764450517.7037947,rsa_handshake,0.000292911|0.000078545,0.00,0.00,44642304,44642304,512
728,1764450517.7373188,rsa_handshake,0.000252656|0.000054540,0.00,0.00,44642304,44642304,512
729,1764450517.7654505,rsa_handshake,0.000262234|0.000054831,0.00,0.00,44642304,44642304,512
730,1764450517.79206,rsa_handshake,0.000259319|0.000054430,0.00,0.00,44642304,44642304,512
731,1764450517.8255398,rsa_handshake,0.000445362|0.000086239,0.00,0.00,44642304,44642304,512
732,1764450517.859699,rsa_handshake,0.000448508|0.000101036,0.00,0.00,44642304,44642304,512
733,1764450517.885677,rsa_handshake,0.000346891|0.000062696,0.00,0.00,44642304,44642304,512
734,1764450517.9060493,rsa_handshake,0.000269918|0.000067345,0.00,0.00,44642304,44642304,512
735,1764450517.9514759,rsa_handshake,0.000305594|0.000068166,0.00,0.00,44642304,44642304,512
736,1764450518.0397618,rsa_handshake,0.000238561|0.000053469,0.00,0.00,44642304,44642304,512
737,1764450518.0657585,rsa_handshake,0.000456994|0.000036928,0.00,0.00,44646400,44646400,512
738,1764450518.1269488,rsa_handshake,0.000374391|0.000049171,0.00,0.00,44646400,44646400,512
739,1764450518.1936338,rsa_handshake,0.000491056|0.000101438,0.00,1455.20,44646400,44646400,512
740,1764450518.2393355,rsa_handshake,0.000253348|0.000056705,0.00,0.00,44646400,44646400,512
741,1764450518.251202,rsa_handshake,0.000239923|0.000056504,0.00,0.00,44646400,44646400,512
742,1764450518.2838578,rsa_handshake,0.000436395|0.000055122,0.00,0.00,44646400,44646400,512
743,1764450518.312096,rsa_handshake,0.000295655|0.000067475,0.00,0.00,44646400,44646400,512
744,1764450518.335813,rsa_handshake,0.000238981|0.000055282,0.00,0.00,44646400,44646400,512
745,1764450518.4062428,rsa_handshake,0.000544946|0.000095967,0.00,0.00,44646400,44646400,512
746,1764450518.4269557,rsa_handshake,0.000440594|0.000087872,0.00,1562.70,44646400,44646400,512
747,1764450518.466368,rsa_handshake,0.000540338|0.000055092,0.00,0.00,44650496,44650496,512
748,1764450518.492049,rsa_handshake,0.000381103|0.000108170,0.00,0.00,44650496,44650496,512
749,1764450518.5121503,rsa_handshake,0.000399077|0.000120933,0.00,0.00,44650496,44650496,512
750,1764450518.5366423,rsa_handshake,0.000288422|0.000094054,0.00,0.00,44650496,44650496,512
751,1764450518.5648928,rsa_handshake,0.000267334|0.000065682,0.00,0.00,44650496,44650496,512
752,1764450518.5870147,rsa_handshake,0.000337072|0.000095977,0.00,0.00,44650496,44650496,512
753,1764450518.6008947,rsa_handshake,0.000263827|0.000065752,0.00,0.00,44650496,44650496,512
754,1764450518.6266518,rsa_handshake,0.000496237|0.000125251,0.00,0.00,44650496,44650496,512
755,1764450518.6464956,rsa_handshake,0.000422510|0.000078725,0.00,0.00,44650496,44650496,512
756,1764450518.6973562,rsa_handshake,0.000447286|0.000107468,0.00,0.00,44650496,44650496,512
757,1764450518.7276485,rsa_handshake,0.000444892|0.000104603,0.00,0.00,44654592,44654592,512
758,1764450518.7632833,rsa_handshake,0.000260241|0.000082763,0.00,0.00,44654592,44654592,512
759,1764450518.78988,rsa_handshake,0.000292791|0.000071672,0.00,0.00,44654592,44654592,512
760,1764450518.843505,rsa_handshake,0.000245163|0.000056444,0.00,0.00,44654592,44654592,512
761,1764450518.863615,rsa_handshake,0.000552130|0.000108280,0.00,0.00,44654592,44654592,512
762,1764450518.899938,rsa_handshake,0.000297509|0.000059019,0.00,0.00,44654592,44654592,512
763,1764450518.9171126,rsa_handshake,0.000437448|0.000159133,0.00,0.00,44654592,44654592,512
764,1764450518.9814277,rsa_handshake,0.000307568|0.000086380,0.00,0.00,44654592,44654592,512
765,1764450519.0494123,rsa_handshake,0.000453517|0.000095907,0.00,0.00,44654592,44654592,512
766,1764450519.0663943,rsa_handshake,0.000292440|0.000074287,0.00,0.00,44654592,44654592,512
767,1764450519.0974162,rsa_handshake,0.000298091|0.000066763,0.00,0.00,44658688,44658688,512
768,1764450519.1332412,rsa_handshake,0.000433610|0.000086640,0.00,0.00,44658688,44658688,512
769,1764450519.1531687,rsa_handshake,0.000523978|0.000040154,0.00,0.00,44658688,44658688,512
770,1764450519.1934366,rsa_handshake,0.000473645|0.000098391,0.00,0.00,44658688,44658688,512
771,1764450519.222969,rsa_handshake,0.000293993|0.000106026,0.00,0.00,44658688,44658688,512
772,1764450519.268209,rsa_handshake,0.000503871|0.000082062,0.00,0.00,44658688,44658688,512
773,1764450519.29232,rsa_handshake,0.000473004|0.000133807,0.00,0.00,44658688,44658688,512
774,1764450519.321602,rsa_handshake,0.000234182|0.000051806,0.00,0.00,44658688,44658688,512
775,1764450519.3794441,rsa_handshake,0.000240614|0.000144718,0.00,0.00,44658688,44658688,512
776,1764450519.3985648,rsa_handshake,0.000433140|0.000084075,0.00,0.00,44658688,44658688,512
777,1764450519.446761,rsa_handshake,0.000374361|0.000053829,0.00,0.00,44662784,44662784,512
778,1764450519.4816988,rsa_handshake,0.000263676|0.000059319,0.00,0.00,44662784,44662784,512
779,1764450519.5033505,rsa_handshake,0.000325071|0.000066984,0.00,0.00,44662784,44662784,512
780,1764450519.5301325,rsa_handshake,0.000279025|0.000070671,0.00,0.00,44662784,44662784,512
781,1764450519.5596068,rsa_handshake,0.000274497|0.000075299,0.00,0.00,44662784,44662784,512
782,1764450519.598915,rsa_handshake,0.000432679|0.000088654,0.00,0.00,44662784,44662784,512
783,1764450519.6291513,rsa_handshake,0.000442857|0.000131423,0.00,0.00,44662784,44662784,512
784,1764450519.6585855,rsa_handshake,0.000242528|0.000054961,0.00,0.00,44662784,44662784,512
785,1764450519.7033288,rsa_handshake,0.000283693|0.000075169,0.00,0.00,44662784,44662784,512
786,1764450519.7400308,rsa_handshake,0.000256884|0.000053368,0.00,0.00,44662784,44662784,512
787,1764450519.762398,rsa_handshake,0.000525871|0.000096107,0.00,0.00,44666880,44666880,512
788,1764450519.7908518,rsa_handshake,0.000481960|0.000129529,0.00,0.00,44666880,44666880,512
789,1764450519.8457837,rsa_handshake,0.000505203|0.000117857,0.00,1346.60,44666880,44666880,512
790,1764450519.884901,rsa_handshake,0.000245794|0.000052477,0.00,0.00,44666880,44666880,512
791,1764450519.9404645,rsa_handshake,0.000295415|0.000077373,0.00,0.00,44666880,44666880,512
792,1764450519.9992285,rsa_handshake,0.000251554|0.000055292,0.00,0.00,44666880,44666880,512
793,1764450520.0386589,rsa_handshake,0.000451854|0.000107018,0.00,0.00,44666880,44666880,512
794,1764450520.0649993,rsa_handshake,0.000307588|0.000105705,0.00,0.00,44666880,44666880,512
795,1764450520.0885248,rsa_handshake,0.000246756|0.000058608,0.00,0.00,44666880,44666880,512
796,1764450520.1157455,rsa_handshake,0.000245794|0.000056194,0.00,0.00,44666880,44666880,512
797,1764450520.1538727,rsa_handshake,0.000339637|0.000085729,0.00,1919.90,44670976,44670976,512
798,1764450520.1891644,rsa_handshake,0.000227179|0.000052286,0.00,0.00,44670976,44670976,512
799,1764450520.2192235,rsa_handshake,0.000447466|0.000109202,0.00,1551.50,44670976,44670976,512
800,1764450520.2431214,rsa_handshake,0.000429073|0.000084757,0.00,0.00,44670976,44670976,512
801,1764450520.2820065,rsa_handshake,0.001010806|0.000036347,0.00,0.00,44670976,44670976,512
802,1764450520.300861,rsa_handshake,0.000446805|0.000085398,0.00,0.00,44670976,44670976,512
803,1764450520.3288653,rsa_handshake,0.000414756|0.000050454,0.00,0.00,44670976,44670976,512
804,1764450520.3648994,rsa_handshake,0.000278945|0.000046826,0.00,0.00,44670976,44670976,512
805,1764450520.3925655,rsa_handshake,0.000241285|0.000060823,0.00,0.00,44670976,44670976,512
806,1764450520.417541,rsa_handshake,0.000449711|0.000061854,0.00,0.00,44670976,44670976,512
807,1764450520.4326136,rsa_handshake,0.000436495|0.000080970,0.00,0.00,44675072,44675072,512
808,1764450520.4595323,rsa_handshake,0.000437899|0.000082613,0.00,0.00,44675072,44675072,512
809,1764450520.4860404,rsa_handshake,0.000387726|0.000077083,0.00,0.00,44675072,44675072,512
810,1764450520.5203812,rsa_handshake,0.000249731|0.000061424,0.00,0.00,44675072,44675072,512
811,1764450520.5401478,rsa_handshake,0.000263676|0.000067544,0.00,0.00,44675072,44675072,512
812,1764450520.6083431,rsa_handshake,0.000424083|0.000049301,0.00,0.00,44675072,44675072,512
813,1764450520.632867,rsa_handshake,0.000440213|0.000084907,0.00,0.00,44675072,44675072,512
814,1764450520.6768458,rsa_handshake,0.000377997|0.000048149,0.00,0.00,44675072,44675072,512
815,1764450520.7006454,rsa_handshake,0.000386914|0.000118589,0.00,0.00,44675072,44675072,512
816,1764450520.7219968,rsa_handshake,0.000526702|0.000107779,0.00,0.00,44675072,44675072,512
817,1764450520.750037,rsa_handshake,0.000288714|0.000049611,0.00,0.00,44679168,44679168,512
818,1764450520.7651868,rsa_handshake,0.000275128|0.000068877,0.00,0.00,44679168,44679168,512
819,1764450520.8243213,rsa_handshake,0.000443198|0.000099915,0.00,0.00,44679168,44679168,512
820,1764450520.8398647,rsa_handshake,0.000551358|0.000060923,0.00,0.00,44679168,44679168,512
821,1764450520.855301,rsa_handshake,0.000432348|0.000117877,0.00,0.00,44679168,44679168,512
822,1764450520.8994293,rsa_handshake,0.000237128|0.000051936,0.00,0.00,44679168,44679168,512
823,1764450520.9101453,rsa_handshake,0.000245252|0.000069388,0.00,0.00,44679168,44679168,512
824,1764450520.9362109,rsa_handshake,0.000247397|0.000059900,0.00,0.00,44679168,44679168,512
825,1764450520.987932,rsa_handshake,0.000232880|0.000050023,0.00,0.00,44679168,44679168,512
826,1764450521.0016582,rsa_handshake,0.000240875|0.000077273,0.00,0.00,44679168,44679168,512
827,1764450521.0381207,rsa_handshake,0.000229614|0.000049612,0.00,0.00,44679168,44679168,512
828,1764450521.09069,rsa_handshake,0.000426186|0.000055072,0.00,0.00,44679168,44679168,512
829,1764450521.1058693,rsa_handshake,0.000248880|0.000062666,0.00,0.00,44683264,44683264,512
830,1764450521.1443052,rsa_handshake,0.000255351|0.000067595,0.00,0.00,44683264,44683264,512
831,1764450521.1666064,rsa_handshake,0.000335519|0.000091939,0.00,0.00,44683264,44683264,512
832,1764450521.2087836,rsa_handshake,0.000284305|0.000063778,0.00,0.00,44683264,44683264,512
833,1764450521.2589777,rsa_handshake,0.000603384|0.000036237,0.00,0.00,44683264,44683264,512
834,1764450521.2842302,rsa_handshake,0.000455111|0.000100325,0.00,0.00,44683264,44683264,512
835,1764450521.3464696,rsa_handshake,0.000298100|0.000051465,0.00,0.00,44683264,44683264,512
836,1764450521.3630543,rsa_handshake,0.000441114|0.000093973,0.00,0.00,44683264,44683264,512
837,1764450521.3978486,rsa_handshake,0.000435934|0.000089846,0.00,0.00,44683264,44683264,512
838,1764450521.458136,rsa_handshake,0.000242137|0.000048910,0.00,0.00,44683264,44683264,512
839,1764450521.4678347,rsa_handshake,0.000235745|0.000047989,0.00,0.00,44683264,44683264,512
840,1764450521.5071578,rsa_handshake,0.000433941|0.000087933,0.00,0.00,44687360,44687360,512
841,1764450521.527505,rsa_handshake,0.000457986|0.000086430,0.00,0.00,44687360,44687360,512
842,1764450521.5703585,rsa_handshake,0.000443479|0.000087933,0.00,0.00,44687360,44687360,512
843,1764450521.5937374,rsa_handshake,0.000471992|0.000100625,0.00,0.00,44687360,44687360,512
844,1764450521.6190717,rsa_handshake,0.000327554|0.000081581,0.00,0.00,44687360,44687360,512
845,1764450521.758788,rsa_handshake,0.000236798|0.000053829,0.00,0.00,44687360,44687360,512
846,1764450521.7857318,rsa_handshake,0.000281369|0.000062035,0.00,0.00,44687360,44687360,512
847,1764450521.829481,rsa_handshake,0.000290366|0.000103882,0.00,0.00,44687360,44687360,512
848,1764450521.847993,rsa_handshake,0.000477352|0.000106787,0.00,1487.60,44687360,44687360,512
849,1764450521.867312,rsa_handshake,0.000307477|0.000053458,0.00,0.00,44687360,44687360,512
850,1764450521.9187033,rsa_handshake,0.000253168|0.000061494,0.00,0.00,44687360,44687360,512
851,1764450521.9759898,rsa_handshake,0.000448418|0.000087762,0.00,0.00,44687360,44687360,512
852,1764450522.0205011,rsa_handshake,0.000261714|0.000076141,0.00,0.00,44691456,44691456,512
853,1764450522.052099,rsa_handshake,0.000435584|0.000049010,0.00,0.00,44691456,44691456,512
854,1764450522.1083589,rsa_handshake,0.000234263|0.000049692,0.00,0.00,44691456,44691456,512
855,1764450522.1226962,rsa_handshake,0.000480948|0.000080348,0.00,0.00,44691456,44691456,512
856,1764450522.1422515,rsa_handshake,0.000485436|0.000122717,0.00,0.00,44691456,44691456,512
857,1764450522.249242,rsa_handshake,0.000431968|0.000085097,0.00,0.00,44691456,44691456,512
858,1764450522.301741,rsa_handshake,0.000229233|0.000047708,0.00,0.00,44691456,44691456,512
859,1764450522.4003832,rsa_handshake,0.000351819|0.000070570,0.00,2046.20,44691456,44691456,512
860,1764450522.429543,rsa_handshake,0.000321814|0.000074157,0.00,0.00,44691456,44691456,512
861,1764450522.4859998,rsa_handshake,0.000426448|0.000084326,0.00,0.00,44691456,44691456,512
862,1764450522.521153,rsa_handshake,0.000435214|0.000081040,0.00,0.00,44691456,44691456,512
863,1764450522.5385363,rsa_handshake,0.000280367|0.000066803,0.00,0.00,44695552,44695552,512
864,1764450522.5624316,rsa_handshake,0.000248469|0.000060532,0.00,0.00,44695552,44695552,512
865,1764450522.575033,rsa_handshake,0.000451864|0.000036327,0.00,1872.80,44695552,44695552,512
866,1764450522.6292617,rsa_handshake,0.000323046|0.000074227,0.00,0.00,44695552,44695552,512
867,1764450522.6681683,rsa_handshake,0.000458006|0.000084086,0.00,0.00,44695552,44695552,512
868,1764450522.693826,rsa_handshake,0.000428702|0.000083985,0.00,0.00,44695552,44695552,512
869,1764450522.704671,rsa_handshake,0.000243910|0.000063838,0.00,0.00,44695552,44695552,512
870,1764450522.7315314,rsa_handshake,0.000294744|0.000052166,0.00,0.00,44695552,44695552,512
871,1764450522.7575736,rsa_handshake,0.000409757|0.000050623,0.00,0.00,44695552,44695552,512
872,1764450522.79182,rsa_handshake,0.000445032|0.000084156,0.00,0.00,44695552,44695552,512
873,1764450522.8317564,rsa_handshake,0.000443619|0.000105495,0.00,0.00,44695552,44695552,512
874,1764450522.8788917,rsa_handshake,0.000250743|0.000048770,0.00,0.00,44699648,44699648,512
875,1764450522.9008377,rsa_handshake,0.000456393|0.000083895,0.00,0.00,44699648,44699648,512
876,1764450522.93365,rsa_handshake,0.000538354|0.000103111,0.00,0.00,44699648,44699648,512
877,1764450522.9654338,rsa_handshake,0.000241486|0.000053369,0.00,0.00,44699648,44699648,512
878,1764450522.9880376,rsa_handshake,0.000238050|0.000054080,0.00,0.00,44699648,44699648,512
879,1764450523.0190973,rsa_handshake,0.000531872|0.000068516,0.00,0.00,44699648,44699648,512
880,1764450523.0931356,rsa_handshake,0.000424955|0.000084947,0.00,0.00,44699648,44699648,512
881,1764450523.1339152,rsa_handshake,0.000533355|0.000103561,0.00,0.00,44699648,44699648,512
882,1764450523.1624544,rsa_handshake,0.000276961|0.000056074,0.00,0.00,44699648,44699648,512
883,1764450523.190706,rsa_handshake,0.000428942|0.000058257,0.00,0.00,44699648,44699648,512
884,1764450523.2138422,rsa_handshake,0.000268275|0.000055643,0.00,0.00,44699648,44699648,512
885,1764450523.272981,rsa_handshake,0.000238661|0.000055102,0.00,0.00,44703744,44703744,512
886,1764450523.309632,rsa_handshake,0.000393847|0.000047959,0.00,0.00,44703744,44703744,512
887,1764450523.3817918,rsa_handshake,0.000230295|0.000047889,0.00,0.00,44703744,44703744,512
888,1764450523.434415,rsa_handshake,0.000280328|0.000057196,0.00,0.00,44703744,44703744,512
889,1764450523.4861097,rsa_handshake,0.000256374|0.000048380,0.00,0.00,44703744,44703744,512
890,1764450523.5330744,rsa_handshake,0.000262345|0.000053448,0.00,0.00,44703744,44703744,512
891,1764450523.5849056,rsa_handshake,0.000266472|0.000064519,0.00,0.00,44703744,44703744,512
892,1764450523.6066146,rsa_handshake,0.000275739|0.000069067,0.00,0.00,44703744,44703744,512
893,1764450523.6856158,rsa_handshake,0.000445783|0.000093142,0.00,0.00,44703744,44703744,512
894,1764450523.707279,rsa_handshake,0.000430275|0.000093483,0.00,0.00,44703744,44703744,512
895,1764450523.7879877,rsa_handshake,0.000428962|0.000084556,0.00,0.00,44703744,44703744,512
896,1764450523.8289099,rsa_handshake,0.000552370|0.000103931,0.00,1317.30,44707840,44707840,512
897,1764450523.8713393,rsa_handshake,0.000808854|0.000037479,0.00,0.00,44707840,44707840,512
898,1764450523.8882365,rsa_handshake,0.000270910|0.000071682,0.00,0.00,44707840,44707840,512
899,1764450523.9473734,rsa_handshake,0.000435474|0.000106968,0.00,0.00,44707840,44707840,512
900,1764450523.9823146,rsa_handshake,0.000233872|0.000048069,0.00,0.00,44707840,44707840,512
901,1764450524.0197043,rsa_handshake,0.000255362|0.000093803,0.00,0.00,44707840,44707840,512
902,1764450524.047381,rsa_handshake,0.000449008|0.000089125,0.00,0.00,44707840,44707840,512
903,1764450524.081095,rsa_handshake,0.000449419|0.000063046,0.00,0.00,44707840,44707840,512
904,1764450524.1480079,rsa_handshake,0.000242648|0.000056063,0.00,0.00,44707840,44707840,512
905,1764450524.1884785,rsa_handshake,0.000250954|0.000052497,0.00,0.00,44707840,44707840,512
906,1764450524.2418022,rsa_handshake,0.000451173|0.000089235,0.00,0.00,44707840,44707840,512
907,1764450524.292569,rsa_handshake,0.000294584|0.000066844,0.00,0.00,44711936,44711936,512
908,1764450524.3158216,rsa_handshake,0.000232219|0.000050393,0.00,0.00,44711936,44711936,512
909,1764450524.3463144,rsa_handshake,0.000541790|0.000065901,0.00,0.00,44711936,44711936,512
910,1764450524.38801,rsa_handshake,0.000425385|0.000083263,0.00,1696.80,44711936,44711936,512
911,1764450524.436595,rsa_handshake,0.000389368|0.000078445,0.00,0.00,44711936,44711936,512
912,1764450524.4594316,rsa_handshake,0.000247567|0.000052807,0.00,0.00,44711936,44711936,512
913,1764450524.4815316,rsa_handshake,0.000226788|0.000047467,0.00,0.00,44711936,44711936,512
914,1764450524.5022233,rsa_handshake,0.000427610|0.000090698,0.00,0.00,44711936,44711936,512
915,1764450524.5407465,rsa_handshake,0.000478103|0.000068617,0.00,0.00,44711936,44711936,512
916,1764450524.6151505,rsa_handshake,0.000237338|0.000053979,0.00,0.00,44711936,44711936,512
917,1764450524.6428165,rsa_handshake,0.000406891|0.000048911,0.00,0.00,44711936,44711936,512
918,1764450524.6803772,rsa_handshake,0.000240494|0.000053649,0.00,0.00,44716032,44716032,512
919,1764450524.7216034,rsa_handshake,0.000228743|0.000050162,0.00,0.00,44716032,44716032,512
920,1764450524.7480097,rsa_handshake,0.000444921|0.000099554,0.00,0.00,44716032,44716032,512
921,1764450524.7629092,rsa_handshake,0.000247597|0.000053108,0.00,0.00,44716032,44716032,512
922,1764450524.7902513,rsa_handshake,0.000439722|0.000093283,0.00,0.00,44716032,44716032,512
923,1764450524.8256304,rsa_handshake,0.000438570|0.000083525,0.00,0.00,44716032,44716032,512
924,1764450524.8875003,rsa_handshake,0.000535890|0.000080849,0.00,0.00,44716032,44716032,512
925,1764450524.9099727,rsa_handshake,0.000428641|0.000084907,0.00,0.00,44716032,44716032,512
926,1764450524.9537966,rsa_handshake,0.000232400|0.000052427,0.00,2928.90,44716032,44716032,512
927,1764450524.9845476,rsa_handshake,0.000437828|0.000086480,0.00,0.00,44716032,44716032,512
928,1764450525.0214674,rsa_handshake,0.000340248|0.000079757,0.00,0.00,44716032,44716032,512
929,1764450525.080526,rsa_handshake,0.000482280|0.000042197,0.00,0.00,44720128,44720128,512
930,1764450525.1264963,rsa_handshake,0.000406030|0.000049612,0.00,0.00,44720128,44720128,512
931,1764450525.1545033,rsa_handshake,0.000293633|0.000072554,0.00,0.00,44720128,44720128,512
932,1764450525.2347746,rsa_handshake,0.000422981|0.000124229,0.00,0.00,44720128,44720128,512
933,1764450525.300889,rsa_handshake,0.000429392|0.000086560,0.00,0.00,44720128,44720128,512
934,1764450525.3323984,rsa_handshake,0.000540297|0.000104172,0.00,0.00,44720128,44720128,512
935,1764450525.3642788,rsa_handshake,0.000288182|0.000090207,0.00,0.00,44720128,44720128,512
936,1764450525.3844092,rsa_handshake,0.000394629|0.000049772,0.00,0.00,44720128,44720128,512
937,1764450525.4216053,rsa_handshake,0.000505734|0.000073055,0.00,0.00,44720128,44720128,512
938,1764450525.4371498,rsa_handshake,0.000437597|0.000081902,0.00,0.00,44720128,44720128,512
939,1764450525.480971,rsa_handshake,0.000233521|0.000049161,0.00,0.00,44720128,44720128,512
940,1764450525.5241485,rsa_handshake,0.000427088|0.000084235,0.00,0.00,44720128,44720128,512
941,1764450525.559805,rsa_handshake,0.000229674|0.000047498,0.00,0.00,44724224,44724224,512
942,1764450525.583627,rsa_handshake,0.000441195|0.000070461,0.00,0.00,44724224,44724224,512
943,1764450525.6254237,rsa_handshake,0.000439401|0.000113780,0.00,0.00,44724224,44724224,512
944,1764450525.6449418,rsa_handshake,0.000523025|0.000182667,0.00,0.00,44724224,44724224,512
945,1764450525.6787126,rsa_handshake,0.000239112|0.000051656,0.00,0.00,44724224,44724224,512
946,1764450525.7060738,rsa_handshake,0.000370775|0.000082803,0.00,0.00,44724224,44724224,512
947,1764450525.7173686,rsa_handshake,0.000458557|0.000097861,0.00,0.00,44724224,44724224,512
948,1764450525.7333496,rsa_handshake,0.000413844|0.000059179,0.00,0.00,44724224,44724224,512
949,1764450525.7493303,rsa_handshake,0.000297420|0.000076912,0.00,0.00,44724224,44724224,512
950,1764450525.7928965,rsa_handshake,0.000426026|0.000084466,0.00,0.00,44724224,44724224,512
951,1764450525.8155162,rsa_handshake,0.000345208|0.000085007,0.00,0.00,44724224,44724224,512
952,1764450525.848105,rsa_handshake,0.000266432|0.000066703,0.00,0.00,44728320,44728320,512
953,1764450525.8892875,rsa_handshake,0.000450242|0.000102239,0.00,0.00,44728320,44728320,512
954,1764450525.9076076,rsa_handshake,0.000403495|0.000049602,0.00,0.00,44728320,44728320,512
955,1764450525.9788399,rsa_handshake,0.000429794|0.000086049,0.00,1555.60,44728320,44728320,512
956,1764450526.0208945,rsa_handshake,0.000231187|0.000048600,0.00,0.00,44728320,44728320,512
957,1764450526.0565386,rsa_handshake,0.000324680|0.000054681,0.00,0.00,44728320,44728320,512
958,1764450526.075163,rsa_handshake,0.000433219|0.000085618,0.00,0.00,44728320,44728320,512
959,1764450526.1321826,rsa_handshake,0.000237318|0.000049692,0.00,0.00,44728320,44728320,512
960,1764450526.173998,rsa_handshake,0.000482060|0.000068557,0.00,0.00,44728320,44728320,512
961,1764450526.2191205,rsa_handshake,0.000464397|0.000036949,0.00,0.00,44728320,44728320,512
962,1764450526.232697,rsa_handshake,0.000435584|0.000085728,0.00,0.00,44728320,44728320,512
963,1764450526.2477736,rsa_handshake,0.000232650|0.000052427,0.00,0.00,44732416,44732416,512
964,1764450526.2617328,rsa_handshake,0.000289715|0.000051595,0.00,0.00,44732416,44732416,512
965,1764450526.2892048,rsa_handshake,0.000258187|0.000070440,0.00,0.00,44732416,44732416,512
966,1764450526.3490293,rsa_handshake,0.000575362|0.000128498,0.00,0.00,44732416,44732416,512
967,1764450526.379169,rsa_handshake,0.000263958|0.000054521,0.00,0.00,44732416,44732416,512
968,1764450526.404954,rsa_handshake,0.000265921|0.000052156,0.00,0.00,44732416,44732416,512
969,1764450526.4260588,rsa_handshake,0.000385171|0.000077513,0.00,0.00,44732416,44732416,512
970,1764450526.4507554,rsa_handshake,0.000238110|0.000054190,0.00,0.00,44732416,44732416,512
971,1764450526.5460827,rsa_handshake,0.000320552|0.000047878,0.00,0.00,44732416,44732416,512
972,1764450526.5701103,rsa_handshake,0.000490346|0.000110895,0.00,0.00,44732416,44732416,512
973,1764450526.6045916,rsa_handshake,0.000232490|0.000050173,0.00,0.00,44732416,44732416,512
974,1764450526.6404681,rsa_handshake,0.000443609|0.000087742,0.00,0.00,44736512,44736512,512
975,1764450526.6647542,rsa_handshake,0.000242348|0.000062916,0.00,0.00,44736512,44736512,512
976,1764450526.6917565,rsa_handshake,0.000232029|0.000048580,0.00,0.00,44736512,44736512,512
977,1764450526.7387967,rsa_handshake,0.000228061|0.000047418,0.00,0.00,44736512,44736512,512
978,1764450526.7837183,rsa_handshake,0.000439812|0.000061293,0.00,0.00,44736512,44736512,512
979,1764450526.8017788,rsa_handshake,0.000266352|0.000063427,0.00,0.00,44736512,44736512,512
980,1764450526.8471096,rsa_handshake,0.000427549|0.000084807,0.00,0.00,44736512,44736512,512
981,1764450526.892294,rsa_handshake,0.000425987|0.000092280,0.00,0.00,44736512,44736512,512
982,1764450526.9294631,rsa_handshake,0.000437407|0.000084806,0.00,0.00,44736512,44736512,512
983,1764450526.9684339,rsa_handshake,0.000414576|0.000067595,0.00,0.00,44736512,44736512,512
984,1764450526.9970834,rsa_handshake,0.000443859|0.000091058,0.00,0.00,44736512,44736512,512
985,1764450527.0477715,rsa_handshake,0.000236446|0.000051085,0.00,0.00,44740608,44740608,512
986,1764450527.1156201,rsa_handshake,0.000540267|0.000103291,0.00,0.00,44740608,44740608,512
987,1764450527.1779792,rsa_handshake,0.000529066|0.000102229,0.00,0.00,44740608,44740608,512
988,1764450527.205965,rsa_handshake,0.000437228|0.000093142,0.00,0.00,44740608,44740608,512
989,1764450527.238852,rsa_handshake,0.000249220|0.000060652,0.00,2806.20,44740608,44740608,512
990,1764450527.2602456,rsa_handshake,0.000243029|0.000061734,0.00,0.00,44740608,44740608,512
991,1764450527.2935343,rsa_handshake,0.000538524|0.000104082,0.00,0.00,44740608,44740608,512
992,1764450527.306176,rsa_handshake,0.000234403|0.000050764,0.00,0.00,44740608,44740608,512
993,1764450527.3797827,rsa_handshake,0.000451073|0.000035546,0.00,0.00,44740608,44740608,512
994,1764450527.4069226,rsa_handshake,0.000228211|0.000048319,0.00,0.00,44740608,44740608,512
995,1764450527.451628,rsa_handshake,0.000432549|0.000085608,0.00,0.00,44740608,44740608,512
996,1764450527.487707,rsa_handshake,0.000279236|0.000076451,0.00,0.00,44744704,44744704,512
997,1764450527.51909,rsa_handshake,0.000427289|0.000084737,0.00,0.00,44744704,44744704,512
998,1764450527.5606644,rsa_handshake,0.000457444|0.000087922,0.00,0.00,44744704,44744704,512
999,1764450527.5769334,rsa_handshake,0.000271171|0.000049020,0.00,0.00,44744704,44744704,512
1000,1764450527.6091204,rsa_handshake,0.000524388|0.000102219,0.00,0.00,44744704,44744704,512
